// Generated by tools/make_font.py - do not edit.
//
// The Shinonome 16-dot bitmap font, which is in the public
// domain: designed by Yasuyuki Furukawa, 2000, and maintained
// by /efont/ at http://openlab.ring.gr.jp/efont/ .  Half width
// is eight by sixteen and one byte a row; full width is
// sixteen by sixteen and two.
//
// The wide set is JIS X 0208 rows 1 to 8 plus every kanji the
// game's own strings use, indexed by Shift-JIS code.
#include "font16.h"

const unsigned char kFontHalf[256][16] = {
    {0x00,0x00,0x00,0x00,0x00,0x00,0x00,0x00,0x00,0x00,0x00,0x00,0x00,0x00,0x00,0x00},
    {0x00,0x00,0x00,0x00,0x00,0x00,0x00,0x00,0x00,0x00,0x00,0x00,0x00,0x00,0x00,0x00},
    {0x00,0x00,0x00,0x00,0x00,0x00,0x00,0x00,0x00,0x00,0x00,0x00,0x00,0x00,0x00,0x00},
    {0x00,0x00,0x00,0x00,0x00,0x00,0x00,0x00,0x00,0x00,0x00,0x00,0x00,0x00,0x00,0x00},
    {0x00,0x00,0x00,0x00,0x00,0x00,0x00,0x00,0x00,0x00,0x00,0x00,0x00,0x00,0x00,0x00},
    {0x00,0x00,0x00,0x00,0x00,0x00,0x00,0x00,0x00,0x00,0x00,0x00,0x00,0x00,0x00,0x00},
    {0x00,0x00,0x00,0x00,0x00,0x00,0x00,0x00,0x00,0x00,0x00,0x00,0x00,0x00,0x00,0x00},
    {0x00,0x00,0x00,0x00,0x00,0x00,0x00,0x00,0x00,0x00,0x00,0x00,0x00,0x00,0x00,0x00},
    {0x00,0x00,0x00,0x00,0x00,0x00,0x00,0x00,0x00,0x00,0x00,0x00,0x00,0x00,0x00,0x00},
    {0x00,0x00,0x00,0x00,0x00,0x00,0x00,0x00,0x00,0x00,0x00,0x00,0x00,0x00,0x00,0x00},
    {0x00,0x00,0x00,0x00,0x00,0x00,0x00,0x00,0x00,0x00,0x00,0x00,0x00,0x00,0x00,0x00},
    {0x00,0x00,0x00,0x00,0x00,0x00,0x00,0x00,0x00,0x00,0x00,0x00,0x00,0x00,0x00,0x00},
    {0x00,0x00,0x00,0x00,0x00,0x00,0x00,0x00,0x00,0x00,0x00,0x00,0x00,0x00,0x00,0x00},
    {0x00,0x00,0x00,0x00,0x00,0x00,0x00,0x00,0x00,0x00,0x00,0x00,0x00,0x00,0x00,0x00},
    {0x00,0x00,0x00,0x00,0x00,0x00,0x00,0x00,0x00,0x00,0x00,0x00,0x00,0x00,0x00,0x00},
    {0x00,0x00,0x00,0x00,0x00,0x00,0x00,0x00,0x00,0x00,0x00,0x00,0x00,0x00,0x00,0x00},
    {0x00,0x00,0x00,0x00,0x00,0x00,0x00,0x00,0x00,0x00,0x00,0x00,0x00,0x00,0x00,0x00},
    {0x00,0x00,0x00,0x00,0x00,0x00,0x00,0x00,0x00,0x00,0x00,0x00,0x00,0x00,0x00,0x00},
    {0x00,0x00,0x00,0x00,0x00,0x00,0x00,0x00,0x00,0x00,0x00,0x00,0x00,0x00,0x00,0x00},
    {0x00,0x00,0x00,0x00,0x00,0x00,0x00,0x00,0x00,0x00,0x00,0x00,0x00,0x00,0x00,0x00},
    {0x00,0x00,0x00,0x00,0x00,0x00,0x00,0x00,0x00,0x00,0x00,0x00,0x00,0x00,0x00,0x00},
    {0x00,0x00,0x00,0x00,0x00,0x00,0x00,0x00,0x00,0x00,0x00,0x00,0x00,0x00,0x00,0x00},
    {0x00,0x00,0x00,0x00,0x00,0x00,0x00,0x00,0x00,0x00,0x00,0x00,0x00,0x00,0x00,0x00},
    {0x00,0x00,0x00,0x00,0x00,0x00,0x00,0x00,0x00,0x00,0x00,0x00,0x00,0x00,0x00,0x00},
    {0x00,0x00,0x00,0x00,0x00,0x00,0x00,0x00,0x00,0x00,0x00,0x00,0x00,0x00,0x00,0x00},
    {0x00,0x00,0x00,0x00,0x00,0x00,0x00,0x00,0x00,0x00,0x00,0x00,0x00,0x00,0x00,0x00},
    {0x00,0x00,0x00,0x00,0x00,0x00,0x00,0x00,0x00,0x00,0x00,0x00,0x00,0x00,0x00,0x00},
    {0x00,0x00,0x00,0x00,0x00,0x00,0x00,0x00,0x00,0x00,0x00,0x00,0x00,0x00,0x00,0x00},
    {0x00,0x00,0x00,0x00,0x00,0x00,0x00,0x00,0x00,0x00,0x00,0x00,0x00,0x00,0x00,0x00},
    {0x00,0x00,0x00,0x00,0x00,0x00,0x00,0x00,0x00,0x00,0x00,0x00,0x00,0x00,0x00,0x00},
    {0x00,0x00,0x00,0x00,0x00,0x00,0x00,0x00,0x00,0x00,0x00,0x00,0x00,0x00,0x00,0x00},
    {0x00,0x00,0x00,0x00,0x00,0x00,0x00,0x00,0x00,0x00,0x00,0x00,0x00,0x00,0x00,0x00},
    {0x00,0x00,0x00,0x00,0x00,0x00,0x00,0x00,0x00,0x00,0x00,0x00,0x00,0x00,0x00,0x00},
    {0x00,0x18,0x18,0x18,0x18,0x10,0x10,0x10,0x10,0x10,0x10,0x00,0x00,0x10,0x10,0x00},
    {0x6c,0x24,0x24,0x48,0x00,0x00,0x00,0x00,0x00,0x00,0x00,0x00,0x00,0x00,0x00,0x00},
    {0x00,0x12,0x12,0x12,0x7f,0x24,0x24,0x24,0x24,0x24,0xfe,0x48,0x48,0x48,0x48,0x00},
    {0x10,0x38,0x54,0x92,0x92,0x90,0x50,0x38,0x14,0x12,0x92,0x92,0x54,0x38,0x10,0x10},
    {0x01,0x61,0x92,0x92,0x94,0x94,0x68,0x08,0x10,0x16,0x29,0x29,0x49,0x49,0x86,0x80},
    {0x00,0x38,0x44,0x44,0x44,0x28,0x10,0x30,0x4a,0x8a,0x84,0x84,0x4a,0x31,0x00,0x00},
    {0x60,0x20,0x20,0x40,0x00,0x00,0x00,0x00,0x00,0x00,0x00,0x00,0x00,0x00,0x00,0x00},
    {0x00,0x02,0x04,0x08,0x08,0x10,0x10,0x10,0x10,0x10,0x10,0x10,0x08,0x08,0x04,0x02},
    {0x00,0x40,0x20,0x10,0x10,0x08,0x08,0x08,0x08,0x08,0x08,0x08,0x10,0x10,0x20,0x40},
    {0x00,0x00,0x00,0x00,0x10,0x92,0x54,0x38,0x54,0x92,0x10,0x00,0x00,0x00,0x00,0x00},
    {0x00,0x00,0x00,0x10,0x10,0x10,0x10,0xfe,0x10,0x10,0x10,0x10,0x00,0x00,0x00,0x00},
    {0x00,0x00,0x00,0x00,0x00,0x00,0x00,0x00,0x00,0x00,0x00,0x00,0x60,0x20,0x20,0x40},
    {0x00,0x00,0x00,0x00,0x00,0x00,0x00,0xfe,0x00,0x00,0x00,0x00,0x00,0x00,0x00,0x00},
    {0x00,0x00,0x00,0x00,0x00,0x00,0x00,0x00,0x00,0x00,0x00,0x00,0x60,0x60,0x00,0x00},
    {0x00,0x02,0x02,0x04,0x04,0x08,0x08,0x10,0x10,0x20,0x20,0x40,0x40,0x80,0x80,0x00},
    {0x00,0x18,0x24,0x24,0x42,0x42,0x42,0x42,0x42,0x42,0x42,0x24,0x24,0x18,0x00,0x00},
    {0x00,0x10,0x10,0x30,0x50,0x10,0x10,0x10,0x10,0x10,0x10,0x10,0x10,0x10,0x00,0x00},
    {0x00,0x18,0x24,0x42,0x42,0x02,0x04,0x08,0x10,0x20,0x20,0x40,0x40,0x7e,0x00,0x00},
    {0x00,0x38,0x44,0x82,0x82,0x02,0x04,0x38,0x04,0x02,0x82,0x82,0x44,0x38,0x00,0x00},
    {0x00,0x08,0x18,0x18,0x28,0x28,0x48,0x48,0x88,0xfe,0x08,0x08,0x08,0x08,0x00,0x00},
    {0x00,0x7c,0x40,0x40,0x40,0xb8,0xc4,0x82,0x02,0x02,0x82,0x82,0x44,0x38,0x00,0x00},
    {0x00,0x38,0x44,0x40,0x80,0x80,0xb8,0xc4,0x82,0x82,0x82,0x82,0x44,0x38,0x00,0x00},
    {0x00,0xfe,0x02,0x04,0x04,0x08,0x08,0x08,0x08,0x10,0x10,0x10,0x10,0x10,0x10,0x00},
    {0x00,0x38,0x44,0x82,0x82,0x82,0x44,0x38,0x44,0x82,0x82,0x82,0x44,0x38,0x00,0x00},
    {0x00,0x38,0x44,0x82,0x82,0x82,0x82,0x46,0x3a,0x02,0x02,0x82,0x44,0x38,0x00,0x00},
    {0x00,0x00,0x00,0x00,0x18,0x18,0x00,0x00,0x00,0x00,0x00,0x18,0x18,0x00,0x00,0x00},
    {0x00,0x00,0x00,0x00,0x18,0x18,0x00,0x00,0x00,0x00,0x18,0x08,0x08,0x10,0x00,0x00},
    {0x00,0x00,0x00,0x02,0x04,0x08,0x10,0x20,0x20,0x10,0x08,0x04,0x02,0x00,0x00,0x00},
    {0x00,0x00,0x00,0x00,0x00,0xfe,0x00,0x00,0x00,0xfe,0x00,0x00,0x00,0x00,0x00,0x00},
    {0x00,0x00,0x00,0x40,0x20,0x10,0x08,0x04,0x04,0x08,0x10,0x20,0x40,0x00,0x00,0x00},
    {0x00,0x38,0x44,0x82,0x82,0x82,0x04,0x08,0x08,0x10,0x10,0x00,0x00,0x10,0x10,0x00},
    {0x00,0x18,0x24,0x42,0x5a,0xb5,0xa5,0xa5,0xa5,0x9a,0x40,0x40,0x22,0x1c,0x00,0x00},
    {0x00,0x10,0x10,0x28,0x28,0x28,0x44,0x44,0x44,0x7c,0x82,0x82,0x82,0x82,0x00,0x00},
    {0x00,0xf0,0x88,0x84,0x84,0x84,0x88,0xf8,0x84,0x82,0x82,0x82,0x84,0xf8,0x00,0x00},
    {0x00,0x38,0x44,0x42,0x80,0x80,0x80,0x80,0x80,0x80,0x80,0x42,0x44,0x38,0x00,0x00},
    {0x00,0xf0,0x88,0x84,0x84,0x82,0x82,0x82,0x82,0x82,0x84,0x84,0x88,0xf0,0x00,0x00},
    {0x00,0xfe,0x80,0x80,0x80,0x80,0x80,0xfc,0x80,0x80,0x80,0x80,0x80,0xfe,0x00,0x00},
    {0x00,0xfe,0x80,0x80,0x80,0x80,0x80,0xfc,0x80,0x80,0x80,0x80,0x80,0x80,0x00,0x00},
    {0x00,0x18,0x24,0x42,0x40,0x80,0x80,0x8e,0x82,0x82,0x82,0x42,0x66,0x1a,0x00,0x00},
    {0x00,0x82,0x82,0x82,0x82,0x82,0x82,0xfe,0x82,0x82,0x82,0x82,0x82,0x82,0x00,0x00},
    {0x00,0x38,0x10,0x10,0x10,0x10,0x10,0x10,0x10,0x10,0x10,0x10,0x10,0x38,0x00,0x00},
    {0x00,0x02,0x02,0x02,0x02,0x02,0x02,0x02,0x02,0x02,0x02,0x42,0x24,0x18,0x00,0x00},
    {0x00,0x42,0x42,0x44,0x44,0x48,0x58,0x68,0x64,0x44,0x42,0x42,0x41,0x41,0x00,0x00},
    {0x00,0x40,0x40,0x40,0x40,0x40,0x40,0x40,0x40,0x40,0x40,0x40,0x40,0x7e,0x00,0x00},
    {0x00,0x82,0x82,0xc6,0xc6,0xc6,0xaa,0xaa,0xaa,0x92,0x92,0x92,0x92,0x82,0x00,0x00},
    {0x00,0x82,0xc2,0xc2,0xa2,0xa2,0x92,0x92,0x92,0x8a,0x8a,0x86,0x86,0x82,0x00,0x00},
    {0x00,0x38,0x44,0x44,0x82,0x82,0x82,0x82,0x82,0x82,0x82,0x44,0x44,0x38,0x00,0x00},
    {0x00,0xf8,0x84,0x82,0x82,0x82,0x84,0xf8,0x80,0x80,0x80,0x80,0x80,0x80,0x00,0x00},
    {0x00,0x38,0x44,0x44,0x82,0x82,0x82,0x82,0x82,0x82,0xba,0x44,0x44,0x38,0x08,0x06},
    {0x00,0xf8,0x84,0x82,0x82,0x82,0x84,0xf8,0x88,0x84,0x84,0x84,0x82,0x82,0x00,0x00},
    {0x00,0x38,0x44,0x82,0x82,0x80,0x60,0x18,0x04,0x02,0x82,0x82,0x44,0x38,0x00,0x00},
    {0x00,0xfe,0x10,0x10,0x10,0x10,0x10,0x10,0x10,0x10,0x10,0x10,0x10,0x10,0x00,0x00},
    {0x00,0x82,0x82,0x82,0x82,0x82,0x82,0x82,0x82,0x82,0x82,0x82,0x44,0x38,0x00,0x00},
    {0x00,0x82,0x82,0x82,0x82,0x44,0x44,0x44,0x28,0x28,0x28,0x10,0x10,0x10,0x00,0x00},
    {0x00,0x92,0x92,0x92,0x92,0x92,0x92,0xaa,0xaa,0x6c,0x44,0x44,0x44,0x44,0x00,0x00},
    {0x00,0x82,0x44,0x44,0x28,0x28,0x10,0x28,0x28,0x28,0x44,0x44,0x82,0x82,0x00,0x00},
    {0x00,0x82,0x82,0x44,0x44,0x44,0x28,0x28,0x10,0x10,0x10,0x10,0x10,0x10,0x00,0x00},
    {0x00,0xfe,0x04,0x04,0x08,0x08,0x10,0x10,0x20,0x20,0x40,0x40,0x80,0xfe,0x00,0x00},
    {0x1e,0x10,0x10,0x10,0x10,0x10,0x10,0x10,0x10,0x10,0x10,0x10,0x10,0x10,0x10,0x1e},
    {0x82,0x82,0x44,0x44,0x44,0x28,0x28,0xfe,0x10,0xfe,0x10,0x10,0x10,0x10,0x00,0x00},
    {0xf0,0x10,0x10,0x10,0x10,0x10,0x10,0x10,0x10,0x10,0x10,0x10,0x10,0x10,0x10,0xf0},
    {0x10,0x28,0x44,0x82,0x00,0x00,0x00,0x00,0x00,0x00,0x00,0x00,0x00,0x00,0x00,0x00},
    {0x00,0x00,0x00,0x00,0x00,0x00,0x00,0x00,0x00,0x00,0x00,0x00,0x00,0x00,0xfe,0x00},
    {0x30,0x20,0x20,0x10,0x00,0x00,0x00,0x00,0x00,0x00,0x00,0x00,0x00,0x00,0x00,0x00},
    {0x00,0x00,0x00,0x00,0x00,0x3c,0x42,0x02,0x3e,0x42,0x82,0x82,0x86,0x7a,0x00,0x00},
    {0x00,0x80,0x80,0x80,0x80,0xb8,0xc4,0x82,0x82,0x82,0x82,0x82,0xc4,0xb8,0x00,0x00},
    {0x00,0x00,0x00,0x00,0x00,0x38,0x44,0x82,0x80,0x80,0x80,0x82,0x44,0x38,0x00,0x00},
    {0x00,0x02,0x02,0x02,0x02,0x3a,0x46,0x82,0x82,0x82,0x82,0x82,0x46,0x3a,0x00,0x00},
    {0x00,0x00,0x00,0x00,0x00,0x38,0x44,0x82,0x82,0xfe,0x80,0x82,0x44,0x38,0x00,0x00},
    {0x00,0x0c,0x10,0x10,0x10,0x7c,0x10,0x10,0x10,0x10,0x10,0x10,0x10,0x10,0x00,0x00},
    {0x00,0x00,0x00,0x00,0x00,0x3b,0x44,0x44,0x44,0x38,0x40,0x78,0x84,0x82,0x82,0x7c},
    {0x00,0x40,0x40,0x40,0x40,0x5c,0x62,0x42,0x42,0x42,0x42,0x42,0x42,0x42,0x00,0x00},
    {0x00,0x10,0x10,0x00,0x00,0x30,0x10,0x10,0x10,0x10,0x10,0x10,0x10,0x10,0x00,0x00},
    {0x00,0x08,0x08,0x00,0x00,0x18,0x08,0x08,0x08,0x08,0x08,0x08,0x08,0x08,0x10,0x60},
    {0x00,0x40,0x40,0x40,0x40,0x42,0x44,0x48,0x50,0x68,0x44,0x44,0x42,0x42,0x00,0x00},
    {0x00,0x30,0x10,0x10,0x10,0x10,0x10,0x10,0x10,0x10,0x10,0x10,0x10,0x10,0x00,0x00},
    {0x00,0x00,0x00,0x00,0x00,0xec,0x92,0x92,0x92,0x92,0x92,0x92,0x92,0x92,0x00,0x00},
    {0x00,0x00,0x00,0x00,0x00,0x5c,0x62,0x42,0x42,0x42,0x42,0x42,0x42,0x42,0x00,0x00},
    {0x00,0x00,0x00,0x00,0x00,0x38,0x44,0x82,0x82,0x82,0x82,0x82,0x44,0x38,0x00,0x00},
    {0x00,0x00,0x00,0x00,0x00,0xb8,0xc4,0x82,0x82,0x82,0x82,0xc4,0xb8,0x80,0x80,0x80},
    {0x00,0x00,0x00,0x00,0x00,0x3a,0x46,0x82,0x82,0x82,0x82,0x46,0x3a,0x02,0x02,0x02},
    {0x00,0x00,0x00,0x00,0x00,0x2c,0x30,0x20,0x20,0x20,0x20,0x20,0x20,0x20,0x00,0x00},
    {0x00,0x00,0x00,0x00,0x00,0x3c,0x42,0x40,0x60,0x18,0x06,0x02,0x42,0x3c,0x00,0x00},
    {0x00,0x00,0x10,0x10,0x10,0x7c,0x10,0x10,0x10,0x10,0x10,0x10,0x10,0x0c,0x00,0x00},
    {0x00,0x00,0x00,0x00,0x00,0x42,0x42,0x42,0x42,0x42,0x42,0x42,0x46,0x3a,0x00,0x00},
    {0x00,0x00,0x00,0x00,0x00,0x82,0x82,0x82,0x44,0x44,0x28,0x28,0x10,0x10,0x00,0x00},
    {0x00,0x00,0x00,0x00,0x00,0x92,0x92,0x92,0x92,0xaa,0xaa,0x44,0x44,0x44,0x00,0x00},
    {0x00,0x00,0x00,0x00,0x00,0x82,0x44,0x28,0x28,0x10,0x28,0x28,0x44,0x82,0x00,0x00},
    {0x00,0x00,0x00,0x00,0x00,0x82,0x82,0x44,0x44,0x28,0x28,0x18,0x10,0x10,0x20,0xc0},
    {0x00,0x00,0x00,0x00,0x00,0x7e,0x04,0x08,0x08,0x10,0x10,0x20,0x40,0xfe,0x00,0x00},
    {0x04,0x08,0x08,0x08,0x08,0x08,0x08,0x10,0x08,0x08,0x08,0x08,0x08,0x08,0x08,0x04},
    {0x10,0x10,0x10,0x10,0x10,0x10,0x10,0x10,0x10,0x10,0x10,0x10,0x10,0x10,0x10,0x10},
    {0x40,0x20,0x20,0x20,0x20,0x20,0x20,0x10,0x20,0x20,0x20,0x20,0x20,0x20,0x20,0x40},
    {0xff,0x00,0x00,0x00,0x00,0x00,0x00,0x00,0x00,0x00,0x00,0x00,0x00,0x00,0x00,0x00},
    {0x00,0x00,0x00,0x00,0x00,0x00,0x00,0x00,0x00,0x00,0x00,0x00,0x00,0x00,0x00,0x00},
    {0x00,0x00,0x00,0x00,0x00,0x00,0x00,0x00,0x00,0x00,0x00,0x00,0x00,0x00,0x00,0x00},
    {0x00,0x00,0x00,0x00,0x00,0x00,0x00,0x00,0x00,0x00,0x00,0x00,0x00,0x00,0x00,0x00},
    {0x00,0x00,0x00,0x00,0x00,0x00,0x00,0x00,0x00,0x00,0x00,0x00,0x00,0x00,0x00,0x00},
    {0x00,0x00,0x00,0x00,0x00,0x00,0x00,0x00,0x00,0x00,0x00,0x00,0x00,0x00,0x00,0x00},
    {0x00,0x00,0x00,0x00,0x00,0x00,0x00,0x00,0x00,0x00,0x00,0x00,0x00,0x00,0x00,0x00},
    {0x00,0x00,0x00,0x00,0x00,0x00,0x00,0x00,0x00,0x00,0x00,0x00,0x00,0x00,0x00,0x00},
    {0x00,0x00,0x00,0x00,0x00,0x00,0x00,0x00,0x00,0x00,0x00,0x00,0x00,0x00,0x00,0x00},
    {0x00,0x00,0x00,0x00,0x00,0x00,0x00,0x00,0x00,0x00,0x00,0x00,0x00,0x00,0x00,0x00},
    {0x00,0x00,0x00,0x00,0x00,0x00,0x00,0x00,0x00,0x00,0x00,0x00,0x00,0x00,0x00,0x00},
    {0x00,0x00,0x00,0x00,0x00,0x00,0x00,0x00,0x00,0x00,0x00,0x00,0x00,0x00,0x00,0x00},
    {0x00,0x00,0x00,0x00,0x00,0x00,0x00,0x00,0x00,0x00,0x00,0x00,0x00,0x00,0x00,0x00},
    {0x00,0x00,0x00,0x00,0x00,0x00,0x00,0x00,0x00,0x00,0x00,0x00,0x00,0x00,0x00,0x00},
    {0x00,0x00,0x00,0x00,0x00,0x00,0x00,0x00,0x00,0x00,0x00,0x00,0x00,0x00,0x00,0x00},
    {0x00,0x00,0x00,0x00,0x00,0x00,0x00,0x00,0x00,0x00,0x00,0x00,0x00,0x00,0x00,0x00},
    {0x00,0x00,0x00,0x00,0x00,0x00,0x00,0x00,0x00,0x00,0x00,0x00,0x00,0x00,0x00,0x00},
    {0x00,0x00,0x00,0x00,0x00,0x00,0x00,0x00,0x00,0x00,0x00,0x00,0x00,0x00,0x00,0x00},
    {0x00,0x00,0x00,0x00,0x00,0x00,0x00,0x00,0x00,0x00,0x00,0x00,0x00,0x00,0x00,0x00},
    {0x00,0x00,0x00,0x00,0x00,0x00,0x00,0x00,0x00,0x00,0x00,0x00,0x00,0x00,0x00,0x00},
    {0x00,0x00,0x00,0x00,0x00,0x00,0x00,0x00,0x00,0x00,0x00,0x00,0x00,0x00,0x00,0x00},
    {0x00,0x00,0x00,0x00,0x00,0x00,0x00,0x00,0x00,0x00,0x00,0x00,0x00,0x00,0x00,0x00},
    {0x00,0x00,0x00,0x00,0x00,0x00,0x00,0x00,0x00,0x00,0x00,0x00,0x00,0x00,0x00,0x00},
    {0x00,0x00,0x00,0x00,0x00,0x00,0x00,0x00,0x00,0x00,0x00,0x00,0x00,0x00,0x00,0x00},
    {0x00,0x00,0x00,0x00,0x00,0x00,0x00,0x00,0x00,0x00,0x00,0x00,0x00,0x00,0x00,0x00},
    {0x00,0x00,0x00,0x00,0x00,0x00,0x00,0x00,0x00,0x00,0x00,0x00,0x00,0x00,0x00,0x00},
    {0x00,0x00,0x00,0x00,0x00,0x00,0x00,0x00,0x00,0x00,0x00,0x00,0x00,0x00,0x00,0x00},
    {0x00,0x00,0x00,0x00,0x00,0x00,0x00,0x00,0x00,0x00,0x00,0x00,0x00,0x00,0x00,0x00},
    {0x00,0x00,0x00,0x00,0x00,0x00,0x00,0x00,0x00,0x00,0x00,0x00,0x00,0x00,0x00,0x00},
    {0x00,0x00,0x00,0x00,0x00,0x00,0x00,0x00,0x00,0x00,0x00,0x00,0x00,0x00,0x00,0x00},
    {0x00,0x00,0x00,0x00,0x00,0x00,0x00,0x00,0x00,0x00,0x00,0x00,0x00,0x00,0x00,0x00},
    {0x00,0x00,0x00,0x00,0x00,0x00,0x00,0x00,0x00,0x00,0x00,0x00,0x00,0x00,0x00,0x00},
    {0x00,0x00,0x00,0x00,0x00,0x00,0x00,0x00,0x00,0x00,0x00,0x00,0x00,0x00,0x00,0x00},
    {0x00,0x00,0x00,0x00,0x00,0x00,0x00,0x00,0x00,0x00,0x00,0x00,0x00,0x00,0x00,0x00},
    {0x00,0x00,0x00,0x00,0x00,0x00,0x00,0x00,0x00,0x00,0x00,0x00,0x00,0x00,0x00,0x00},
    {0x00,0x00,0x00,0x00,0x00,0x00,0x00,0x00,0x00,0x00,0x00,0x20,0x50,0x50,0x20,0x00},
    {0x00,0x3e,0x20,0x20,0x20,0x20,0x20,0x20,0x20,0x20,0x00,0x00,0x00,0x00,0x00,0x00},
    {0x00,0x00,0x00,0x00,0x00,0x00,0x10,0x10,0x10,0x10,0x10,0x10,0x10,0x10,0xf0,0x00},
    {0x00,0x00,0x00,0x00,0x00,0x00,0x00,0x00,0x00,0x00,0x00,0x00,0x20,0x10,0x10,0x00},
    {0x00,0x00,0x00,0x00,0x00,0x00,0x00,0x18,0x18,0x00,0x00,0x00,0x00,0x00,0x00,0x00},
    {0x00,0x00,0x7e,0x02,0x02,0x02,0x7e,0x04,0x04,0x08,0x08,0x10,0x20,0x40,0x00,0x00},
    {0x00,0x00,0x00,0x00,0x00,0x00,0x00,0xfc,0x24,0x28,0x30,0x20,0x40,0x40,0x80,0x00},
    {0x00,0x00,0x00,0x00,0x00,0x00,0x08,0x08,0x10,0x30,0x50,0x90,0x10,0x10,0x10,0x00},
    {0x00,0x00,0x00,0x00,0x00,0x00,0x20,0x20,0xfc,0x84,0x84,0x88,0x08,0x10,0x20,0x00},
    {0x00,0x00,0x00,0x00,0x00,0x00,0x00,0x00,0x7c,0x10,0x10,0x10,0x10,0xfe,0x00,0x00},
    {0x00,0x00,0x00,0x00,0x00,0x00,0x08,0x08,0xfe,0x08,0x18,0x28,0x48,0x88,0x18,0x00},
    {0x00,0x00,0x00,0x00,0x00,0x00,0x40,0x20,0x3e,0xe4,0x28,0x10,0x10,0x10,0x00,0x00},
    {0x00,0x00,0x00,0x00,0x00,0x00,0x00,0x00,0x78,0x08,0x08,0x08,0xfe,0x00,0x00,0x00},
    {0x00,0x00,0x00,0x00,0x00,0x00,0x00,0x7c,0x04,0x04,0x7c,0x04,0x04,0x7c,0x00,0x00},
    {0x00,0x00,0x00,0x00,0x00,0x00,0x24,0x94,0x54,0x44,0x08,0x08,0x10,0x20,0x00,0x00},
    {0x00,0x00,0x00,0x00,0x00,0x00,0x3c,0x00,0x00,0x00,0x00,0x00,0x00,0x00,0x00,0x00},
    {0x00,0x00,0xfe,0x02,0x12,0x12,0x14,0x18,0x10,0x10,0x20,0x20,0x40,0x80,0x00,0x00},
    {0x00,0x02,0x02,0x04,0x04,0x08,0x18,0x28,0x48,0x88,0x08,0x08,0x08,0x08,0x00,0x00},
    {0x00,0x10,0x10,0x10,0xfe,0x82,0x82,0x82,0x82,0x04,0x04,0x08,0x10,0x20,0x00,0x00},
    {0x00,0x00,0x00,0xfe,0x10,0x10,0x10,0x10,0x10,0x10,0x10,0x10,0xff,0x00,0x00,0x00},
    {0x00,0x08,0x08,0x08,0xfe,0x08,0x18,0x18,0x28,0x28,0x48,0x88,0x08,0x18,0x00,0x00},
    {0x00,0x10,0x10,0x10,0xfe,0x12,0x12,0x12,0x12,0x22,0x22,0x22,0x42,0x8c,0x00,0x00},
    {0x00,0x20,0x20,0x3c,0xe0,0x10,0x10,0x1e,0xf0,0x08,0x08,0x08,0x08,0x08,0x00,0x00},
    {0x00,0x20,0x20,0x3e,0x22,0x22,0x42,0x44,0x84,0x08,0x08,0x10,0x20,0x40,0x00,0x00},
    {0x00,0x40,0x40,0x40,0x7e,0x48,0x48,0x48,0x88,0x08,0x10,0x10,0x20,0x40,0x00,0x00},
    {0x00,0x00,0x00,0xfe,0x02,0x02,0x02,0x02,0x02,0x02,0x02,0xfe,0x02,0x00,0x00,0x00},
    {0x00,0x24,0x24,0x24,0x24,0xfe,0x24,0x24,0x24,0x24,0x04,0x08,0x10,0x20,0x00,0x00},
    {0x00,0x00,0x60,0x10,0x00,0x00,0xc2,0x22,0x04,0x04,0x08,0x10,0x20,0xc0,0x00,0x00},
    {0x00,0x00,0x00,0xfe,0x04,0x04,0x04,0x08,0x08,0x18,0x14,0x24,0x42,0x82,0x00,0x00},
    {0x00,0x40,0x40,0x40,0x40,0x4e,0x72,0xc4,0x48,0x40,0x40,0x40,0x40,0x3e,0x00,0x00},
    {0x00,0x00,0x02,0x82,0x42,0x42,0x42,0x04,0x04,0x08,0x08,0x10,0x20,0x40,0x00,0x00},
    {0x00,0x20,0x20,0x3e,0x22,0x42,0x62,0x54,0x8c,0x08,0x08,0x10,0x20,0x40,0x00,0x00},
    {0x00,0x02,0x0c,0x78,0x08,0x08,0xff,0x08,0x08,0x08,0x08,0x10,0x20,0x40,0x00,0x00},
    {0x00,0x00,0x20,0x22,0x92,0x92,0x42,0x44,0x04,0x08,0x08,0x10,0x20,0x40,0x00,0x00},
    {0x00,0x00,0x7e,0x00,0x00,0x00,0xfe,0x08,0x08,0x08,0x08,0x10,0x20,0x40,0x00,0x00},
    {0x00,0x20,0x20,0x20,0x20,0x30,0x28,0x24,0x22,0x22,0x20,0x20,0x20,0x20,0x00,0x00},
    {0x00,0x08,0x08,0x08,0xfe,0x08,0x08,0x08,0x08,0x08,0x10,0x10,0x20,0x40,0x00,0x00},
    {0x00,0x00,0x00,0x7c,0x00,0x00,0x00,0x00,0x00,0x00,0x00,0xff,0x00,0x00,0x00,0x00},
    {0x00,0x00,0x7e,0x02,0x02,0x24,0x14,0x08,0x0c,0x14,0x12,0x22,0x40,0x80,0x00,0x00},
    {0x10,0x10,0x10,0xfe,0x04,0x04,0x08,0x18,0x34,0x52,0x92,0x10,0x10,0x10,0x00,0x00},
    {0x00,0x02,0x02,0x02,0x04,0x04,0x04,0x08,0x08,0x10,0x20,0x40,0x80,0x00,0x00,0x00},
    {0x00,0x00,0x08,0x08,0x24,0x24,0x24,0x22,0x22,0x22,0x22,0x42,0x42,0x82,0x00,0x00},
    {0x00,0x40,0x40,0x40,0x42,0x4c,0x70,0x40,0x40,0x40,0x40,0x40,0x40,0x3e,0x00,0x00},
    {0x00,0x00,0xfe,0x02,0x02,0x02,0x02,0x04,0x04,0x08,0x08,0x10,0x20,0x40,0x00,0x00},
    {0x00,0x00,0x20,0x20,0x50,0x50,0x88,0x88,0x04,0x02,0x01,0x00,0x00,0x00,0x00,0x00},
    {0x00,0x10,0x10,0x10,0xfe,0x10,0x18,0x54,0x54,0x52,0x52,0x92,0x10,0x30,0x00,0x00},
    {0x00,0x00,0x00,0xfe,0x02,0x02,0x04,0x04,0xc8,0x30,0x10,0x08,0x04,0x04,0x00,0x00},
    {0x00,0x60,0x18,0x04,0x00,0x00,0x60,0x18,0x04,0x00,0xe0,0x18,0x04,0x02,0x00,0x00},
    {0x00,0x10,0x10,0x10,0x10,0x10,0x10,0x28,0x24,0x24,0x22,0x4e,0xf2,0x02,0x00,0x00},
    {0x00,0x04,0x04,0x04,0x04,0x64,0x18,0x08,0x0c,0x12,0x10,0x20,0x40,0x80,0x00,0x00},
    {0x00,0x00,0xfe,0x20,0x20,0x20,0xfe,0x20,0x20,0x20,0x20,0x20,0x1e,0x00,0x00,0x00},
    {0x00,0x20,0x20,0x20,0x17,0x39,0xd2,0x12,0x0c,0x08,0x08,0x04,0x04,0x04,0x00,0x00},
    {0x00,0x00,0x00,0x00,0x7c,0x04,0x04,0x04,0x04,0x04,0x04,0x04,0xff,0x00,0x00,0x00},
    {0x00,0x00,0xfe,0x02,0x02,0x02,0x02,0x7e,0x02,0x02,0x02,0x02,0x02,0xfe,0x00,0x00},
    {0x00,0x00,0x7c,0x00,0x00,0x00,0xfe,0x02,0x02,0x04,0x04,0x08,0x10,0x60,0x00,0x00},
    {0x00,0x04,0x44,0x44,0x44,0x44,0x44,0x44,0x44,0x04,0x08,0x08,0x10,0x20,0x00,0x00},
    {0x00,0x08,0x08,0x28,0x28,0x28,0x28,0x29,0x29,0x2a,0x4a,0x4c,0x48,0x80,0x00,0x00},
    {0x00,0x00,0x40,0x40,0x40,0x40,0x40,0x40,0x42,0x44,0x44,0x48,0x50,0x60,0x00,0x00},
    {0x00,0x00,0x00,0xfe,0x82,0x82,0x82,0x82,0x82,0x82,0x82,0xfe,0x82,0x00,0x00,0x00},
    {0x00,0x00,0x00,0xfe,0x82,0x82,0x82,0x82,0x02,0x04,0x04,0x08,0x10,0x20,0x00,0x00},
    {0x00,0x00,0x00,0xc0,0x20,0x02,0x02,0x02,0x04,0x04,0x08,0x10,0x20,0xc0,0x00,0x00},
    {0x00,0x90,0x48,0x48,0x00,0x00,0x00,0x00,0x00,0x00,0x00,0x00,0x00,0x00,0x00,0x00},
    {0x00,0x60,0x90,0x90,0x60,0x00,0x00,0x00,0x00,0x00,0x00,0x00,0x00,0x00,0x00,0x00},
    {0x00,0x00,0x00,0x00,0x00,0x00,0x00,0x00,0x00,0x00,0x00,0x00,0x00,0x00,0x00,0x00},
    {0x00,0x00,0x00,0x00,0x00,0x00,0x00,0x00,0x00,0x00,0x00,0x00,0x00,0x00,0x00,0x00},
    {0x00,0x00,0x00,0x00,0x00,0x00,0x00,0x00,0x00,0x00,0x00,0x00,0x00,0x00,0x00,0x00},
    {0x00,0x00,0x00,0x00,0x00,0x00,0x00,0x00,0x00,0x00,0x00,0x00,0x00,0x00,0x00,0x00},
    {0x00,0x00,0x00,0x00,0x00,0x00,0x00,0x00,0x00,0x00,0x00,0x00,0x00,0x00,0x00,0x00},
    {0x00,0x00,0x00,0x00,0x00,0x00,0x00,0x00,0x00,0x00,0x00,0x00,0x00,0x00,0x00,0x00},
    {0x00,0x00,0x00,0x00,0x00,0x00,0x00,0x00,0x00,0x00,0x00,0x00,0x00,0x00,0x00,0x00},
    {0x00,0x00,0x00,0x00,0x00,0x00,0x00,0x00,0x00,0x00,0x00,0x00,0x00,0x00,0x00,0x00},
    {0x00,0x00,0x00,0x00,0x00,0x00,0x00,0x00,0x00,0x00,0x00,0x00,0x00,0x00,0x00,0x00},
    {0x00,0x00,0x00,0x00,0x00,0x00,0x00,0x00,0x00,0x00,0x00,0x00,0x00,0x00,0x00,0x00},
    {0x00,0x00,0x00,0x00,0x00,0x00,0x00,0x00,0x00,0x00,0x00,0x00,0x00,0x00,0x00,0x00},
    {0x00,0x00,0x00,0x00,0x00,0x00,0x00,0x00,0x00,0x00,0x00,0x00,0x00,0x00,0x00,0x00},
    {0x00,0x00,0x00,0x00,0x00,0x00,0x00,0x00,0x00,0x00,0x00,0x00,0x00,0x00,0x00,0x00},
    {0x00,0x00,0x00,0x00,0x00,0x00,0x00,0x00,0x00,0x00,0x00,0x00,0x00,0x00,0x00,0x00},
    {0x00,0x00,0x00,0x00,0x00,0x00,0x00,0x00,0x00,0x00,0x00,0x00,0x00,0x00,0x00,0x00},
    {0x00,0x00,0x00,0x00,0x00,0x00,0x00,0x00,0x00,0x00,0x00,0x00,0x00,0x00,0x00,0x00},
    {0x00,0x00,0x00,0x00,0x00,0x00,0x00,0x00,0x00,0x00,0x00,0x00,0x00,0x00,0x00,0x00},
    {0x00,0x00,0x00,0x00,0x00,0x00,0x00,0x00,0x00,0x00,0x00,0x00,0x00,0x00,0x00,0x00},
    {0x00,0x00,0x00,0x00,0x00,0x00,0x00,0x00,0x00,0x00,0x00,0x00,0x00,0x00,0x00,0x00},
    {0x00,0x00,0x00,0x00,0x00,0x00,0x00,0x00,0x00,0x00,0x00,0x00,0x00,0x00,0x00,0x00},
    {0x00,0x00,0x00,0x00,0x00,0x00,0x00,0x00,0x00,0x00,0x00,0x00,0x00,0x00,0x00,0x00},
    {0x00,0x00,0x00,0x00,0x00,0x00,0x00,0x00,0x00,0x00,0x00,0x00,0x00,0x00,0x00,0x00},
    {0x00,0x00,0x00,0x00,0x00,0x00,0x00,0x00,0x00,0x00,0x00,0x00,0x00,0x00,0x00,0x00},
    {0x00,0x00,0x00,0x00,0x00,0x00,0x00,0x00,0x00,0x00,0x00,0x00,0x00,0x00,0x00,0x00},
    {0x00,0x00,0x00,0x00,0x00,0x00,0x00,0x00,0x00,0x00,0x00,0x00,0x00,0x00,0x00,0x00},
    {0x00,0x00,0x00,0x00,0x00,0x00,0x00,0x00,0x00,0x00,0x00,0x00,0x00,0x00,0x00,0x00},
    {0x00,0x00,0x00,0x00,0x00,0x00,0x00,0x00,0x00,0x00,0x00,0x00,0x00,0x00,0x00,0x00},
    {0x00,0x00,0x00,0x00,0x00,0x00,0x00,0x00,0x00,0x00,0x00,0x00,0x00,0x00,0x00,0x00},
    {0x00,0x00,0x00,0x00,0x00,0x00,0x00,0x00,0x00,0x00,0x00,0x00,0x00,0x00,0x00,0x00},
    {0x00,0x00,0x00,0x00,0x00,0x00,0x00,0x00,0x00,0x00,0x00,0x00,0x00,0x00,0x00,0x00},
    {0x00,0x00,0x00,0x00,0x00,0x00,0x00,0x00,0x00,0x00,0x00,0x00,0x00,0x00,0x00,0x00},
    {0x00,0x00,0x00,0x00,0x00,0x00,0x00,0x00,0x00,0x00,0x00,0x00,0x00,0x00,0x00,0x00},
};

const unsigned short kFontWideCode[836] = {
    0x8140, 0x8141, 0x8142, 0x8143, 0x8144, 0x8145, 0x8146, 0x8147, 0x8148, 0x8149, 0x814a, 0x814b,
    0x814c, 0x814d, 0x814e, 0x814f, 0x8150, 0x8151, 0x8152, 0x8153, 0x8154, 0x8155, 0x8156, 0x8157,
    0x8158, 0x8159, 0x815a, 0x815b, 0x815c, 0x815d, 0x815e, 0x815f, 0x8160, 0x8161, 0x8162, 0x8163,
    0x8164, 0x8165, 0x8166, 0x8167, 0x8168, 0x8169, 0x816a, 0x816b, 0x816c, 0x816d, 0x816e, 0x816f,
    0x8170, 0x8171, 0x8172, 0x8173, 0x8174, 0x8175, 0x8176, 0x8177, 0x8178, 0x8179, 0x817a, 0x817b,
    0x817c, 0x817d, 0x817e, 0x8180, 0x8181, 0x8182, 0x8183, 0x8184, 0x8185, 0x8186, 0x8187, 0x8188,
    0x8189, 0x818a, 0x818b, 0x818c, 0x818d, 0x818e, 0x818f, 0x8190, 0x8191, 0x8192, 0x8193, 0x8194,
    0x8195, 0x8196, 0x8197, 0x8198, 0x8199, 0x819a, 0x819b, 0x819c, 0x819d, 0x819e, 0x819f, 0x81a0,
    0x81a1, 0x81a2, 0x81a3, 0x81a4, 0x81a5, 0x81a6, 0x81a7, 0x81a8, 0x81a9, 0x81aa, 0x81ab, 0x81ac,
    0x81b8, 0x81b9, 0x81ba, 0x81bb, 0x81bc, 0x81bd, 0x81be, 0x81bf, 0x81c8, 0x81c9, 0x81ca, 0x81cb,
    0x81cc, 0x81cd, 0x81ce, 0x81da, 0x81db, 0x81dc, 0x81dd, 0x81de, 0x81df, 0x81e0, 0x81e1, 0x81e2,
    0x81e3, 0x81e4, 0x81e5, 0x81e6, 0x81e7, 0x81e8, 0x81f0, 0x81f1, 0x81f2, 0x81f3, 0x81f4, 0x81f5,
    0x81f6, 0x81f7, 0x81fc, 0x824f, 0x8250, 0x8251, 0x8252, 0x8253, 0x8254, 0x8255, 0x8256, 0x8257,
    0x8258, 0x8260, 0x8261, 0x8262, 0x8263, 0x8264, 0x8265, 0x8266, 0x8267, 0x8268, 0x8269, 0x826a,
    0x826b, 0x826c, 0x826d, 0x826e, 0x826f, 0x8270, 0x8271, 0x8272, 0x8273, 0x8274, 0x8275, 0x8276,
    0x8277, 0x8278, 0x8279, 0x8281, 0x8282, 0x8283, 0x8284, 0x8285, 0x8286, 0x8287, 0x8288, 0x8289,
    0x828a, 0x828b, 0x828c, 0x828d, 0x828e, 0x828f, 0x8290, 0x8291, 0x8292, 0x8293, 0x8294, 0x8295,
    0x8296, 0x8297, 0x8298, 0x8299, 0x829a, 0x829f, 0x82a0, 0x82a1, 0x82a2, 0x82a3, 0x82a4, 0x82a5,
    0x82a6, 0x82a7, 0x82a8, 0x82a9, 0x82aa, 0x82ab, 0x82ac, 0x82ad, 0x82ae, 0x82af, 0x82b0, 0x82b1,
    0x82b2, 0x82b3, 0x82b4, 0x82b5, 0x82b6, 0x82b7, 0x82b8, 0x82b9, 0x82ba, 0x82bb, 0x82bc, 0x82bd,
    0x82be, 0x82bf, 0x82c0, 0x82c1, 0x82c2, 0x82c3, 0x82c4, 0x82c5, 0x82c6, 0x82c7, 0x82c8, 0x82c9,
    0x82ca, 0x82cb, 0x82cc, 0x82cd, 0x82ce, 0x82cf, 0x82d0, 0x82d1, 0x82d2, 0x82d3, 0x82d4, 0x82d5,
    0x82d6, 0x82d7, 0x82d8, 0x82d9, 0x82da, 0x82db, 0x82dc, 0x82dd, 0x82de, 0x82df, 0x82e0, 0x82e1,
    0x82e2, 0x82e3, 0x82e4, 0x82e5, 0x82e6, 0x82e7, 0x82e8, 0x82e9, 0x82ea, 0x82eb, 0x82ec, 0x82ed,
    0x82ee, 0x82ef, 0x82f0, 0x82f1, 0x8340, 0x8341, 0x8342, 0x8343, 0x8344, 0x8345, 0x8346, 0x8347,
    0x8348, 0x8349, 0x834a, 0x834b, 0x834c, 0x834d, 0x834e, 0x834f, 0x8350, 0x8351, 0x8352, 0x8353,
    0x8354, 0x8355, 0x8356, 0x8357, 0x8358, 0x8359, 0x835a, 0x835b, 0x835c, 0x835d, 0x835e, 0x835f,
    0x8360, 0x8361, 0x8362, 0x8363, 0x8364, 0x8365, 0x8366, 0x8367, 0x8368, 0x8369, 0x836a, 0x836b,
    0x836c, 0x836d, 0x836e, 0x836f, 0x8370, 0x8371, 0x8372, 0x8373, 0x8374, 0x8375, 0x8376, 0x8377,
    0x8378, 0x8379, 0x837a, 0x837b, 0x837c, 0x837d, 0x837e, 0x8380, 0x8381, 0x8382, 0x8383, 0x8384,
    0x8385, 0x8386, 0x8387, 0x8388, 0x8389, 0x838a, 0x838b, 0x838c, 0x838d, 0x838e, 0x838f, 0x8390,
    0x8391, 0x8392, 0x8393, 0x8394, 0x8395, 0x8396, 0x839f, 0x83a0, 0x83a1, 0x83a2, 0x83a3, 0x83a4,
    0x83a5, 0x83a6, 0x83a7, 0x83a8, 0x83a9, 0x83aa, 0x83ab, 0x83ac, 0x83ad, 0x83ae, 0x83af, 0x83b0,
    0x83b1, 0x83b2, 0x83b3, 0x83b4, 0x83b5, 0x83b6, 0x83bf, 0x83c0, 0x83c1, 0x83c2, 0x83c3, 0x83c4,
    0x83c5, 0x83c6, 0x83c7, 0x83c8, 0x83c9, 0x83ca, 0x83cb, 0x83cc, 0x83cd, 0x83ce, 0x83cf, 0x83d0,
    0x83d1, 0x83d2, 0x83d3, 0x83d4, 0x83d5, 0x83d6, 0x8440, 0x8441, 0x8442, 0x8443, 0x8444, 0x8445,
    0x8446, 0x8447, 0x8448, 0x8449, 0x844a, 0x844b, 0x844c, 0x844d, 0x844e, 0x844f, 0x8450, 0x8451,
    0x8452, 0x8453, 0x8454, 0x8455, 0x8456, 0x8457, 0x8458, 0x8459, 0x845a, 0x845b, 0x845c, 0x845d,
    0x845e, 0x845f, 0x8460, 0x8470, 0x8471, 0x8472, 0x8473, 0x8474, 0x8475, 0x8476, 0x8477, 0x8478,
    0x8479, 0x847a, 0x847b, 0x847c, 0x847d, 0x847e, 0x8480, 0x8481, 0x8482, 0x8483, 0x8484, 0x8485,
    0x8486, 0x8487, 0x8488, 0x8489, 0x848a, 0x848b, 0x848c, 0x848d, 0x848e, 0x848f, 0x8490, 0x8491,
    0x849f, 0x84a0, 0x84a1, 0x84a2, 0x84a3, 0x84a4, 0x84a5, 0x84a6, 0x84a7, 0x84a8, 0x84a9, 0x84aa,
    0x84ab, 0x84ac, 0x84ad, 0x84ae, 0x84af, 0x84b0, 0x84b1, 0x84b2, 0x84b3, 0x84b4, 0x84b5, 0x84b6,
    0x84b7, 0x84b8, 0x84b9, 0x84ba, 0x84bb, 0x84bc, 0x84bd, 0x84be, 0x88c8, 0x88cc, 0x88da, 0x88ea,
    0x8942, 0x8951, 0x895e, 0x8971, 0x897a, 0x8987, 0x8989, 0x8994, 0x899e, 0x899f, 0x89a1, 0x89a2,
    0x89ae, 0x89b9, 0x89ba, 0x89bd, 0x89c2, 0x89c6, 0x89ca, 0x89df, 0x89e6, 0x89e7, 0x89ef, 0x89f0,
    0x89f3, 0x89f5, 0x8a43, 0x8a4a, 0x8a51, 0x8a58, 0x8aa0, 0x8aaa, 0x8aae, 0x8ab4, 0x8ac8, 0x8ad2,
    0x8ad4, 0x8ad6, 0x8aef, 0x8afa, 0x8b40, 0x8b41, 0x8b43, 0x8b4b, 0x8b4e, 0x8b55, 0x8b60, 0x8b76,
    0x8b78, 0x8b7a, 0x8b8e, 0x8b92, 0x8bad, 0x8bb0, 0x8bb4, 0x8bc6, 0x8be0, 0x8bec, 0x8c41, 0x8c4a,
    0x8c52, 0x8c57, 0x8c6f, 0x8c76, 0x8c8a, 0x8c8e, 0x8c8f, 0x8ca0, 0x8cbb, 0x8cc0, 0x8ce3, 0x8cf5,
    0x8cf8, 0x8d4c, 0x8d58, 0x8d6c, 0x8d73, 0x8d7e, 0x8d87, 0x8d91, 0x8da4, 0x8db6, 0x8dbd, 0x8dc4,
    0x8dc5, 0x8dd0, 0x8dd7, 0x8ddd, 0x8dec, 0x8ded, 0x8df2, 0x8e4f, 0x8e51, 0x8e63, 0x8e67, 0x8e69,
    0x8e6e, 0x8e75, 0x8e76, 0x8e77, 0x8e7e, 0x8e80, 0x8e8e, 0x8e91, 0x8e9a, 0x8e9d, 0x8e9e, 0x8e9f,
    0x8ea6, 0x8ea9, 0x8ec0, 0x8ecc, 0x8ed2, 0x8ed7, 0x8ee8, 0x8eed, 0x8ef5, 0x8ef7, 0x8efb, 0x8efc,
    0x8f42, 0x8f43, 0x8f49, 0x8f57, 0x8f6f, 0x8f83, 0x8f87, 0x8f89, 0x8f8a, 0x8f95, 0x8f9c, 0x8f9f,
    0x8fa4, 0x8fac, 0x8fc6, 0x8fd8, 0x8fda, 0x8fe1, 0x8fe3, 0x8fe4, 0x8fea, 0x8fee, 0x8ff0, 0x8ff3,
    0x904e, 0x9056, 0x905b, 0x905f, 0x906c, 0x9077, 0x9081, 0x9094, 0x90a7, 0x90ac, 0x90ae, 0x90af,
    0x90b6, 0x90cf, 0x90d1, 0x90d8, 0x90da, 0x90dd, 0x90e0, 0x90e8, 0x90ed, 0x9149, 0x914d, 0x914f,
    0x9152, 0x9153, 0x9167, 0x9180, 0x9182, 0x918a, 0x9190, 0x9195, 0x91a2, 0x91a4, 0x91ac, 0x91b1,
    0x91b7, 0x91b9, 0x91ba, 0x91bc, 0x91bd, 0x91cc, 0x91ce, 0x91cf, 0x91d2, 0x91d4, 0x91e0, 0x91e3,
    0x91e4, 0x91e5, 0x91ee, 0x91f0, 0x924e, 0x9250, 0x9266, 0x926d, 0x926e, 0x927a, 0x9285, 0x9286,
    0x9287, 0x92a3, 0x92a7, 0x92a9, 0x92c7, 0x92ca, 0x92e2, 0x92e8, 0x92fb, 0x9347, 0x9349, 0x934b,
    0x9356, 0x9358, 0x935f, 0x9372, 0x9378, 0x9379, 0x937c, 0x9387, 0x93a5, 0x93aa, 0x93ac, 0x93ae,
    0x93af, 0x93b4, 0x93b9, 0x93c6, 0x93e0, 0x93ef, 0x93fa, 0x93fc, 0x9446, 0x945c, 0x9465, 0x946a,
    0x946e, 0x94ad, 0x94bd, 0x94d4, 0x94f5, 0x954b, 0x954d, 0x955c, 0x9576, 0x957a, 0x9594, 0x9595,
    0x959a, 0x95a0, 0x95a8, 0x95aa, 0x95b6, 0x95b9, 0x95c2, 0x95ca, 0x95cf, 0x95d3, 0x95e2, 0x95f1,
    0x95fa, 0x95fb, 0x965c, 0x965f, 0x9668, 0x967b, 0x9682, 0x969e, 0x96a1, 0x96a2, 0x96ad, 0x96bc,
    0x96bd, 0x96be, 0x96bf, 0x96ca, 0x96da, 0x9752, 0x975e, 0x976c, 0x9770, 0x9773, 0x9776, 0x9798,
    0x979d, 0x97a0, 0x97a6, 0x97a7, 0x97ab, 0x97ac, 0x97b3, 0x97b9, 0x97cc, 0x97cd, 0x97d5, 0x97d7,
    0x97db, 0x97de, 0x97df, 0x97fb, 0x9841, 0x9843, 0x9848, 0x98e7,
};

const unsigned char kFontWide[836][32] = {
    {0x00,0x00,0x00,0x00,0x00,0x00,0x00,0x00,0x00,0x00,0x00,0x00,0x00,0x00,0x00,0x00,0x00,0x00,0x00,0x00,0x00,0x00,0x00,0x00,0x00,0x00,0x00,0x00,0x00,0x00,0x00,0x00},
    {0x00,0x00,0x00,0x00,0x00,0x00,0x00,0x00,0x00,0x00,0x00,0x00,0x00,0x00,0x00,0x00,0x00,0x00,0x00,0x00,0x00,0x00,0x00,0x00,0x20,0x00,0x10,0x00,0x08,0x00,0x08,0x00},
    {0x00,0x00,0x00,0x00,0x00,0x00,0x00,0x00,0x00,0x00,0x00,0x00,0x00,0x00,0x00,0x00,0x00,0x00,0x00,0x00,0x00,0x00,0x30,0x00,0x48,0x00,0x48,0x00,0x30,0x00,0x00,0x00},
    {0x00,0x00,0x00,0x00,0x00,0x00,0x00,0x00,0x00,0x00,0x00,0x00,0x00,0x00,0x00,0x00,0x00,0x00,0x00,0x00,0x00,0x00,0x00,0x00,0x60,0x00,0x60,0x00,0x20,0x00,0x40,0x00},
    {0x00,0x00,0x00,0x00,0x00,0x00,0x00,0x00,0x00,0x00,0x00,0x00,0x00,0x00,0x00,0x00,0x00,0x00,0x00,0x00,0x00,0x00,0x00,0x00,0x60,0x00,0x60,0x00,0x00,0x00,0x00,0x00},
    {0x00,0x00,0x00,0x00,0x00,0x00,0x00,0x00,0x00,0x00,0x00,0x00,0x00,0x00,0x01,0x80,0x01,0x80,0x00,0x00,0x00,0x00,0x00,0x00,0x00,0x00,0x00,0x00,0x00,0x00,0x00,0x00},
    {0x00,0x00,0x00,0x00,0x00,0x00,0x00,0x00,0x00,0x00,0x01,0x80,0x01,0x80,0x00,0x00,0x00,0x00,0x00,0x00,0x00,0x00,0x01,0x80,0x01,0x80,0x00,0x00,0x00,0x00,0x00,0x00},
    {0x00,0x00,0x00,0x00,0x00,0x00,0x00,0x00,0x00,0x00,0x01,0x80,0x01,0x80,0x00,0x00,0x00,0x00,0x00,0x00,0x00,0x00,0x01,0x80,0x01,0x80,0x00,0x80,0x01,0x00,0x00,0x00},
    {0x00,0x00,0x03,0xc0,0x04,0x20,0x08,0x10,0x08,0x10,0x08,0x10,0x04,0x20,0x00,0x40,0x00,0x80,0x01,0x00,0x01,0x00,0x00,0x00,0x00,0x00,0x01,0x00,0x01,0x00,0x00,0x00},
    {0x00,0x00,0x01,0x80,0x01,0x80,0x01,0x80,0x01,0x80,0x01,0x00,0x01,0x00,0x01,0x00,0x01,0x00,0x01,0x00,0x01,0x00,0x00,0x00,0x00,0x00,0x01,0x00,0x01,0x00,0x00,0x00},
    {0x10,0x00,0x48,0x00,0x28,0x00,0x20,0x00,0x00,0x00,0x00,0x00,0x00,0x00,0x00,0x00,0x00,0x00,0x00,0x00,0x00,0x00,0x00,0x00,0x00,0x00,0x00,0x00,0x00,0x00,0x00,0x00},
    {0x00,0x00,0x60,0x00,0x90,0x00,0x90,0x00,0x60,0x00,0x00,0x00,0x00,0x00,0x00,0x00,0x00,0x00,0x00,0x00,0x00,0x00,0x00,0x00,0x00,0x00,0x00,0x00,0x00,0x00,0x00,0x00},
    {0x00,0x80,0x00,0x80,0x01,0x00,0x02,0x00,0x00,0x00,0x00,0x00,0x00,0x00,0x00,0x00,0x00,0x00,0x00,0x00,0x00,0x00,0x00,0x00,0x00,0x00,0x00,0x00,0x00,0x00,0x00,0x00},
    {0x02,0x00,0x02,0x00,0x01,0x00,0x00,0x80,0x00,0x00,0x00,0x00,0x00,0x00,0x00,0x00,0x00,0x00,0x00,0x00,0x00,0x00,0x00,0x00,0x00,0x00,0x00,0x00,0x00,0x00,0x00,0x00},
    {0x06,0x60,0x06,0x60,0x00,0x00,0x00,0x00,0x00,0x00,0x00,0x00,0x00,0x00,0x00,0x00,0x00,0x00,0x00,0x00,0x00,0x00,0x00,0x00,0x00,0x00,0x00,0x00,0x00,0x00,0x00,0x00},
    {0x01,0x00,0x02,0x80,0x04,0x40,0x08,0x20,0x00,0x00,0x00,0x00,0x00,0x00,0x00,0x00,0x00,0x00,0x00,0x00,0x00,0x00,0x00,0x00,0x00,0x00,0x00,0x00,0x00,0x00,0x00,0x00},
    {0xff,0xff,0x00,0x00,0x00,0x00,0x00,0x00,0x00,0x00,0x00,0x00,0x00,0x00,0x00,0x00,0x00,0x00,0x00,0x00,0x00,0x00,0x00,0x00,0x00,0x00,0x00,0x00,0x00,0x00,0x00,0x00},
    {0x00,0x00,0x00,0x00,0x00,0x00,0x00,0x00,0x00,0x00,0x00,0x00,0x00,0x00,0x00,0x00,0x00,0x00,0x00,0x00,0x00,0x00,0x00,0x00,0x00,0x00,0x00,0x00,0x00,0x00,0xff,0xff},
    {0x00,0x00,0x00,0x00,0x00,0x00,0x00,0x00,0x00,0x00,0x0c,0x00,0x03,0x00,0x00,0x80,0x00,0x40,0x00,0x20,0x00,0x10,0x00,0x00,0x00,0x00,0x00,0x00,0x00,0x00,0x00,0x00},
    {0x00,0x00,0x00,0x00,0x00,0x20,0x00,0x90,0x00,0x50,0x0c,0x40,0x03,0x00,0x00,0x80,0x00,0x40,0x00,0x20,0x00,0x10,0x00,0x00,0x00,0x00,0x00,0x00,0x00,0x00,0x00,0x00},
    {0x00,0x00,0x00,0x00,0x00,0x00,0x00,0x00,0x0c,0x00,0x03,0x00,0x00,0x80,0x00,0x40,0x00,0x20,0x00,0x70,0x00,0x80,0x01,0x00,0x00,0x00,0x00,0x00,0x00,0x00,0x00,0x00},
    {0x00,0x00,0x00,0x00,0x00,0x10,0x00,0x48,0x0c,0x28,0x03,0x20,0x00,0x80,0x00,0x40,0x00,0x20,0x00,0x70,0x00,0x80,0x01,0x00,0x00,0x00,0x00,0x00,0x00,0x00,0x00,0x00},
    {0x00,0x00,0x00,0x00,0x00,0x00,0x00,0x00,0x01,0x10,0x01,0x10,0x01,0x10,0x02,0x20,0x02,0x20,0x04,0x40,0x08,0x80,0x00,0x00,0x00,0x00,0x00,0x00,0x00,0x00,0x00,0x00},
    {0x00,0x80,0x00,0x80,0x01,0x40,0x02,0x20,0x04,0x10,0x18,0x0c,0x60,0x03,0x00,0x00,0x0f,0xfc,0x00,0x80,0x00,0x80,0x00,0x80,0x00,0x80,0x00,0x80,0x3f,0xfe,0x00,0x00},
    {0x00,0x00,0x01,0x00,0x01,0x00,0x01,0x00,0x01,0xf8,0x01,0x08,0x02,0x08,0x02,0x10,0x04,0x10,0x09,0xa0,0x10,0x60,0x00,0x10,0x00,0x08,0x00,0x08,0x00,0x00,0x00,0x00},
    {0x00,0x00,0x00,0x02,0x00,0x02,0x00,0x04,0x00,0x08,0x01,0x90,0x02,0x60,0x04,0x40,0x04,0xa0,0x09,0x00,0x0a,0x00,0x0c,0x00,0x08,0x00,0x10,0x00,0x10,0x00,0x00,0x00},
    {0x00,0x00,0x03,0xc0,0x0c,0x30,0x10,0x08,0x20,0x04,0x20,0x04,0x40,0x02,0x40,0x02,0x40,0x02,0x40,0x02,0x20,0x04,0x20,0x04,0x10,0x08,0x0c,0x30,0x03,0xc0,0x00,0x00},
    {0x00,0x00,0x00,0x00,0x00,0x00,0x00,0x00,0x00,0x00,0x00,0x00,0x40,0x00,0x3f,0xfc,0x00,0x00,0x00,0x00,0x00,0x00,0x00,0x00,0x00,0x00,0x00,0x00,0x00,0x00,0x00,0x00},
    {0x00,0x00,0x00,0x00,0x00,0x00,0x00,0x00,0x00,0x00,0x00,0x00,0x00,0x00,0xff,0xff,0x00,0x00,0x00,0x00,0x00,0x00,0x00,0x00,0x00,0x00,0x00,0x00,0x00,0x00,0x00,0x00},
    {0x00,0x00,0x00,0x00,0x00,0x00,0x00,0x00,0x00,0x00,0x00,0x00,0x00,0x00,0x07,0xe0,0x00,0x00,0x00,0x00,0x00,0x00,0x00,0x00,0x00,0x00,0x00,0x00,0x00,0x00,0x00,0x00},
    {0x00,0x01,0x00,0x02,0x00,0x04,0x00,0x08,0x00,0x10,0x00,0x20,0x00,0x40,0x00,0x80,0x01,0x00,0x02,0x00,0x04,0x00,0x08,0x00,0x10,0x00,0x20,0x00,0x40,0x00,0x80,0x00},
    {0x80,0x00,0x40,0x00,0x20,0x00,0x10,0x00,0x08,0x00,0x04,0x00,0x02,0x00,0x01,0x00,0x00,0x80,0x00,0x40,0x00,0x20,0x00,0x10,0x00,0x08,0x00,0x04,0x00,0x02,0x00,0x01},
    {0x00,0x00,0x00,0x00,0x00,0x00,0x00,0x00,0x00,0x00,0x00,0x00,0x1c,0x00,0x23,0x02,0x40,0xc4,0x00,0x38,0x00,0x00,0x00,0x00,0x00,0x00,0x00,0x00,0x00,0x00,0x00,0x00},
    {0x04,0x40,0x04,0x40,0x04,0x40,0x04,0x40,0x04,0x40,0x04,0x40,0x04,0x40,0x04,0x40,0x04,0x40,0x04,0x40,0x04,0x40,0x04,0x40,0x04,0x40,0x04,0x40,0x04,0x40,0x04,0x40},
    {0x01,0x00,0x01,0x00,0x01,0x00,0x01,0x00,0x01,0x00,0x01,0x00,0x01,0x00,0x01,0x00,0x01,0x00,0x01,0x00,0x01,0x00,0x01,0x00,0x01,0x00,0x01,0x00,0x01,0x00,0x01,0x00},
    {0x00,0x00,0x00,0x00,0x00,0x00,0x00,0x00,0x00,0x00,0x00,0x00,0x00,0x00,0x61,0x86,0x61,0x86,0x00,0x00,0x00,0x00,0x00,0x00,0x00,0x00,0x00,0x00,0x00,0x00,0x00,0x00},
    {0x00,0x00,0x00,0x00,0x00,0x00,0x00,0x00,0x00,0x00,0x00,0x00,0x00,0x00,0x18,0x18,0x18,0x18,0x00,0x00,0x00,0x00,0x00,0x00,0x00,0x00,0x00,0x00,0x00,0x00,0x00,0x00},
    {0x00,0x08,0x00,0x10,0x00,0x18,0x00,0x18,0x00,0x00,0x00,0x00,0x00,0x00,0x00,0x00,0x00,0x00,0x00,0x00,0x00,0x00,0x00,0x00,0x00,0x00,0x00,0x00,0x00,0x00,0x00,0x00},
    {0x18,0x00,0x18,0x00,0x08,0x00,0x10,0x00,0x00,0x00,0x00,0x00,0x00,0x00,0x00,0x00,0x00,0x00,0x00,0x00,0x00,0x00,0x00,0x00,0x00,0x00,0x00,0x00,0x00,0x00,0x00,0x00},
    {0x00,0x24,0x00,0x48,0x00,0x6c,0x00,0x6c,0x00,0x00,0x00,0x00,0x00,0x00,0x00,0x00,0x00,0x00,0x00,0x00,0x00,0x00,0x00,0x00,0x00,0x00,0x00,0x00,0x00,0x00,0x00,0x00},
    {0x36,0x00,0x36,0x00,0x12,0x00,0x24,0x00,0x00,0x00,0x00,0x00,0x00,0x00,0x00,0x00,0x00,0x00,0x00,0x00,0x00,0x00,0x00,0x00,0x00,0x00,0x00,0x00,0x00,0x00,0x00,0x00},
    {0x00,0x00,0x00,0x08,0x00,0x10,0x00,0x20,0x00,0x40,0x00,0x40,0x00,0x80,0x00,0x80,0x00,0x80,0x00,0x80,0x00,0x80,0x00,0x40,0x00,0x40,0x00,0x20,0x00,0x10,0x00,0x08},
    {0x00,0x00,0x10,0x00,0x08,0x00,0x04,0x00,0x02,0x00,0x02,0x00,0x01,0x00,0x01,0x00,0x01,0x00,0x01,0x00,0x01,0x00,0x02,0x00,0x02,0x00,0x04,0x00,0x08,0x00,0x10,0x00},
    {0x00,0x08,0x00,0x30,0x00,0xc0,0x00,0x80,0x00,0x80,0x00,0x80,0x00,0x80,0x00,0x80,0x00,0x80,0x00,0x80,0x00,0x80,0x00,0x80,0x00,0x80,0x00,0xc0,0x00,0x30,0x00,0x08},
    {0x10,0x00,0x0c,0x00,0x03,0x00,0x01,0x00,0x01,0x00,0x01,0x00,0x01,0x00,0x01,0x00,0x01,0x00,0x01,0x00,0x01,0x00,0x01,0x00,0x01,0x00,0x03,0x00,0x0c,0x00,0x10,0x00},
    {0x00,0xf8,0x00,0x80,0x00,0x80,0x00,0x80,0x00,0x80,0x00,0x80,0x00,0x80,0x00,0x80,0x00,0x80,0x00,0x80,0x00,0x80,0x00,0x80,0x00,0x80,0x00,0x80,0x00,0x80,0x00,0xf8},
    {0x1f,0x00,0x01,0x00,0x01,0x00,0x01,0x00,0x01,0x00,0x01,0x00,0x01,0x00,0x01,0x00,0x01,0x00,0x01,0x00,0x01,0x00,0x01,0x00,0x01,0x00,0x01,0x00,0x01,0x00,0x1f,0x00},
    {0x00,0x08,0x00,0x10,0x00,0x20,0x00,0x20,0x00,0x20,0x00,0x20,0x00,0x20,0x00,0xc0,0x00,0x20,0x00,0x20,0x00,0x20,0x00,0x20,0x00,0x20,0x00,0x20,0x00,0x10,0x00,0x08},
    {0x10,0x00,0x08,0x00,0x04,0x00,0x04,0x00,0x04,0x00,0x04,0x00,0x04,0x00,0x03,0x00,0x04,0x00,0x04,0x00,0x04,0x00,0x04,0x00,0x04,0x00,0x04,0x00,0x08,0x00,0x10,0x00},
    {0x00,0x08,0x00,0x08,0x00,0x10,0x00,0x10,0x00,0x20,0x00,0x20,0x00,0x40,0x00,0x80,0x00,0x80,0x00,0x40,0x00,0x20,0x00,0x20,0x00,0x10,0x00,0x10,0x00,0x08,0x00,0x08},
    {0x10,0x00,0x10,0x00,0x08,0x00,0x08,0x00,0x04,0x00,0x04,0x00,0x02,0x00,0x01,0x00,0x01,0x00,0x02,0x00,0x04,0x00,0x04,0x00,0x08,0x00,0x08,0x00,0x10,0x00,0x10,0x00},
    {0x00,0x24,0x00,0x24,0x00,0x48,0x00,0x48,0x00,0x90,0x00,0x90,0x01,0x20,0x02,0x40,0x02,0x40,0x01,0x20,0x00,0x90,0x00,0x90,0x00,0x48,0x00,0x48,0x00,0x24,0x00,0x24},
    {0x24,0x00,0x24,0x00,0x12,0x00,0x12,0x00,0x09,0x00,0x09,0x00,0x04,0x80,0x02,0x40,0x02,0x40,0x04,0x80,0x09,0x00,0x09,0x00,0x12,0x00,0x12,0x00,0x24,0x00,0x24,0x00},
    {0x00,0xf8,0x00,0x80,0x00,0x80,0x00,0x80,0x00,0x80,0x00,0x80,0x00,0x80,0x00,0x80,0x00,0x80,0x00,0x80,0x00,0x80,0x00,0x00,0x00,0x00,0x00,0x00,0x00,0x00,0x00,0x00},
    {0x00,0x00,0x00,0x00,0x00,0x00,0x00,0x00,0x00,0x00,0x01,0x00,0x01,0x00,0x01,0x00,0x01,0x00,0x01,0x00,0x01,0x00,0x01,0x00,0x01,0x00,0x01,0x00,0x01,0x00,0x1f,0x00},
    {0x01,0xf8,0x01,0x08,0x01,0x78,0x01,0x40,0x01,0x40,0x01,0x40,0x01,0x40,0x01,0x40,0x01,0x40,0x01,0x40,0x01,0xc0,0x00,0x00,0x00,0x00,0x00,0x00,0x00,0x00,0x00,0x00},
    {0x00,0x00,0x00,0x00,0x00,0x00,0x00,0x00,0x00,0x00,0x03,0x80,0x02,0x80,0x02,0x80,0x02,0x80,0x02,0x80,0x02,0x80,0x02,0x80,0x02,0x80,0x1e,0x80,0x10,0x80,0x1f,0x80},
    {0x00,0xf8,0x00,0xf0,0x00,0xe0,0x00,0xc0,0x00,0xc0,0x00,0x80,0x00,0x80,0x00,0x80,0x00,0x80,0x00,0x80,0x00,0x80,0x00,0xc0,0x00,0xc0,0x00,0xe0,0x00,0xf0,0x00,0xf8},
    {0x1f,0x00,0x0f,0x00,0x07,0x00,0x03,0x00,0x03,0x00,0x01,0x00,0x01,0x00,0x01,0x00,0x01,0x00,0x01,0x00,0x01,0x00,0x03,0x00,0x03,0x00,0x07,0x00,0x0f,0x00,0x1f,0x00},
    {0x00,0x00,0x00,0x00,0x00,0x80,0x00,0x80,0x00,0x80,0x00,0x80,0x00,0x80,0x1f,0xfc,0x00,0x80,0x00,0x80,0x00,0x80,0x00,0x80,0x00,0x80,0x00,0x80,0x00,0x00,0x00,0x00},
    {0x00,0x00,0x00,0x00,0x00,0x00,0x00,0x00,0x00,0x00,0x00,0x00,0x00,0x00,0x3f,0xfc,0x00,0x00,0x00,0x00,0x00,0x00,0x00,0x00,0x00,0x00,0x00,0x00,0x00,0x00,0x00,0x00},
    {0x00,0x00,0x00,0x00,0x00,0x80,0x00,0x80,0x00,0x80,0x00,0x80,0x1f,0xfc,0x00,0x80,0x00,0x80,0x00,0x80,0x00,0x80,0x00,0x00,0x00,0x00,0x1f,0xfe,0x00,0x00,0x00,0x00},
    {0x00,0x00,0x00,0x00,0x00,0x00,0x10,0x08,0x08,0x10,0x04,0x20,0x02,0x40,0x01,0x80,0x01,0x80,0x02,0x40,0x04,0x20,0x08,0x10,0x10,0x08,0x00,0x00,0x00,0x00,0x00,0x00},
    {0x00,0x00,0x00,0x00,0x00,0x00,0x01,0x80,0x01,0x80,0x00,0x00,0x00,0x00,0x3f,0xfc,0x00,0x00,0x00,0x00,0x01,0x80,0x01,0x80,0x00,0x00,0x00,0x00,0x00,0x00,0x00,0x00},
    {0x00,0x00,0x00,0x00,0x00,0x00,0x00,0x00,0x00,0x00,0x3f,0xfc,0x00,0x00,0x00,0x00,0x00,0x00,0x3f,0xfc,0x00,0x00,0x00,0x00,0x00,0x00,0x00,0x00,0x00,0x00,0x00,0x00},
    {0x00,0x00,0x00,0x00,0x00,0x40,0x00,0x40,0x00,0x80,0x3f,0xfc,0x00,0x80,0x01,0x00,0x01,0x00,0x3f,0xfc,0x01,0x00,0x02,0x00,0x02,0x00,0x00,0x00,0x00,0x00,0x00,0x00},
    {0x00,0x00,0x00,0x00,0x00,0x18,0x00,0x60,0x01,0x80,0x02,0x00,0x0c,0x00,0x30,0x00,0x0c,0x00,0x02,0x00,0x01,0x80,0x00,0x60,0x00,0x18,0x00,0x00,0x00,0x00,0x00,0x00},
    {0x00,0x00,0x00,0x00,0x18,0x00,0x06,0x00,0x01,0x80,0x00,0x40,0x00,0x30,0x00,0x0c,0x00,0x30,0x00,0x40,0x01,0x80,0x06,0x00,0x18,0x00,0x00,0x00,0x00,0x00,0x00,0x00},
    {0x00,0x00,0x00,0x00,0x00,0x1c,0x00,0xe0,0x07,0x00,0x38,0x00,0x07,0x00,0x00,0xe0,0x00,0x1c,0x00,0x00,0x3f,0xfc,0x00,0x00,0x00,0x00,0x3f,0xfc,0x00,0x00,0x00,0x00},
    {0x00,0x00,0x00,0x00,0x38,0x00,0x07,0x00,0x00,0xe0,0x00,0x1c,0x00,0xe0,0x07,0x00,0x38,0x00,0x00,0x00,0x3f,0xfc,0x00,0x00,0x00,0x00,0x3f,0xfc,0x00,0x00,0x00,0x00},
    {0x00,0x00,0x00,0x00,0x00,0x00,0x00,0x00,0x1c,0x18,0x26,0x64,0x42,0x42,0x41,0x82,0x41,0x82,0x42,0x42,0x26,0x64,0x18,0x38,0x00,0x00,0x00,0x00,0x00,0x00,0x00,0x00},
    {0x00,0x00,0x00,0x00,0x00,0x00,0x01,0x80,0x01,0x80,0x00,0x00,0x00,0x00,0x00,0x00,0x00,0x00,0x00,0x00,0x00,0x00,0x30,0x0c,0x30,0x0c,0x00,0x00,0x00,0x00,0x00,0x00},
    {0x00,0x00,0x00,0xfe,0x00,0x06,0x00,0x0a,0x00,0x12,0x00,0x22,0x00,0x42,0x1e,0x82,0x21,0x00,0x40,0x80,0x40,0x80,0x40,0x80,0x40,0x80,0x21,0x00,0x1e,0x00,0x00,0x00},
    {0x00,0x00,0x03,0xc0,0x04,0x20,0x08,0x10,0x08,0x10,0x08,0x10,0x08,0x10,0x04,0x20,0x03,0xc0,0x01,0x00,0x1f,0xf8,0x01,0x00,0x01,0x00,0x01,0x00,0x01,0x00,0x01,0x00},
    {0x00,0x00,0x30,0x00,0x48,0x00,0x48,0x00,0x30,0x00,0x00,0x00,0x00,0x00,0x00,0x00,0x00,0x00,0x00,0x00,0x00,0x00,0x00,0x00,0x00,0x00,0x00,0x00,0x00,0x00,0x00,0x00},
    {0x00,0x00,0x08,0x00,0x18,0x00,0x30,0x00,0x20,0x00,0x00,0x00,0x00,0x00,0x00,0x00,0x00,0x00,0x00,0x00,0x00,0x00,0x00,0x00,0x00,0x00,0x00,0x00,0x00,0x00,0x00,0x00},
    {0x00,0x00,0x11,0x00,0x33,0x00,0x66,0x00,0x44,0x00,0x00,0x00,0x00,0x00,0x00,0x00,0x00,0x00,0x00,0x00,0x00,0x00,0x00,0x00,0x00,0x00,0x00,0x00,0x00,0x00,0x00,0x00},
    {0x00,0x00,0x30,0x72,0x49,0x8a,0x4a,0x06,0x32,0x02,0x04,0x02,0x04,0x00,0x04,0x00,0x04,0x00,0x04,0x00,0x02,0x02,0x02,0x04,0x01,0x98,0x00,0x60,0x00,0x00,0x00,0x00},
    {0x00,0x00,0x1c,0x1c,0x08,0x08,0x04,0x10,0x04,0x10,0x3f,0xfe,0x02,0x20,0x01,0x40,0x00,0x80,0x3f,0xfe,0x00,0x80,0x00,0x80,0x00,0x80,0x00,0x80,0x01,0xc0,0x00,0x00},
    {0x00,0x00,0x02,0x80,0x07,0xc0,0x0a,0xa0,0x12,0x90,0x12,0x90,0x0a,0x80,0x07,0x80,0x02,0xe0,0x02,0x90,0x12,0x88,0x12,0x88,0x0a,0x90,0x07,0xe0,0x02,0x80,0x00,0x00},
    {0x00,0x00,0x00,0x00,0x00,0x00,0x00,0x00,0x00,0x00,0x00,0x20,0x03,0xc0,0x04,0x60,0x08,0x50,0x08,0x80,0x08,0x80,0x09,0x10,0x05,0x20,0x03,0xc0,0x02,0x00,0x04,0x00},
    {0x00,0x00,0x00,0xe0,0x01,0x10,0x01,0x00,0x01,0x00,0x01,0x00,0x01,0x00,0x01,0x00,0x3f,0xf8,0x01,0x00,0x01,0x00,0x1e,0x00,0x23,0x02,0x22,0xc4,0x1c,0x38,0x00,0x00},
    {0x00,0x00,0x38,0x02,0x64,0x04,0x44,0x08,0x44,0x10,0x44,0x20,0x4c,0x40,0x38,0x80,0x01,0x38,0x02,0x64,0x04,0x44,0x08,0x44,0x10,0x44,0x20,0x4c,0x40,0x38,0x00,0x00},
    {0x02,0x10,0x02,0x10,0x02,0x10,0x02,0x10,0x1f,0xfc,0x1f,0xfc,0x04,0x20,0x04,0x20,0x04,0x20,0x04,0x20,0x3f,0xf8,0x3f,0xf8,0x08,0x40,0x08,0x40,0x08,0x40,0x08,0x40},
    {0x00,0x00,0x0f,0x00,0x10,0x80,0x10,0x80,0x10,0x80,0x09,0x00,0x06,0x10,0x04,0x10,0x0a,0x10,0x11,0x20,0x20,0xa0,0x20,0x40,0x20,0xa0,0x11,0x12,0x0e,0x0c,0x00,0x00},
    {0x00,0x00,0x00,0x00,0x00,0x00,0x01,0x00,0x01,0x00,0x19,0x30,0x0d,0x60,0x03,0x80,0x01,0x00,0x03,0x80,0x0d,0x60,0x19,0x30,0x01,0x00,0x01,0x00,0x00,0x00,0x00,0x00},
    {0x00,0x00,0x00,0x00,0x03,0xc0,0x0c,0x30,0x10,0x08,0x11,0xa8,0x22,0x64,0x24,0x44,0x24,0x44,0x24,0xe8,0x13,0x70,0x10,0x04,0x0c,0x18,0x03,0xe0,0x00,0x00,0x00,0x00},
    {0x01,0x80,0x02,0x40,0x04,0x20,0x06,0x20,0x03,0x00,0x03,0x80,0x04,0xc0,0x04,0x60,0x06,0x20,0x03,0x20,0x01,0xc0,0x00,0xc0,0x04,0x60,0x04,0x20,0x02,0x40,0x01,0x80},
    {0x00,0x00,0x01,0x00,0x01,0x00,0x02,0x80,0x02,0x80,0x04,0x40,0x7c,0x7c,0x20,0x08,0x10,0x10,0x08,0x20,0x08,0x20,0x11,0x10,0x12,0x90,0x2c,0x68,0x30,0x18,0x00,0x00},
    {0x00,0x00,0x01,0x00,0x01,0x00,0x03,0x80,0x03,0x80,0x07,0xc0,0x7f,0xfc,0x3f,0xf8,0x1f,0xf0,0x0f,0xe0,0x0f,0xe0,0x1e,0xf0,0x1c,0x70,0x38,0x38,0x20,0x08,0x00,0x00},
    {0x00,0x00,0x03,0xc0,0x0c,0x30,0x10,0x08,0x20,0x04,0x20,0x04,0x40,0x02,0x40,0x02,0x40,0x02,0x40,0x02,0x20,0x04,0x20,0x04,0x10,0x08,0x0c,0x30,0x03,0xc0,0x00,0x00},
    {0x00,0x00,0x03,0xc0,0x0f,0xf0,0x1f,0xf8,0x3f,0xfc,0x3f,0xfc,0x7f,0xfe,0x7f,0xfe,0x7f,0xfe,0x7f,0xfe,0x3f,0xfc,0x3f,0xfc,0x1f,0xf8,0x0f,0xf0,0x03,0xc0,0x00,0x00},
    {0x00,0x00,0x03,0xc0,0x0c,0x30,0x10,0x08,0x23,0xc4,0x24,0x24,0x48,0x12,0x48,0x12,0x48,0x12,0x48,0x12,0x24,0x24,0x23,0xc4,0x10,0x08,0x0c,0x30,0x03,0xc0,0x00,0x00},
    {0x01,0x80,0x02,0x40,0x04,0x20,0x08,0x10,0x10,0x08,0x20,0x04,0x40,0x02,0x80,0x01,0x80,0x01,0x40,0x02,0x20,0x04,0x10,0x08,0x08,0x10,0x04,0x20,0x02,0x40,0x01,0x80},
    {0x01,0x80,0x03,0xc0,0x07,0xe0,0x0f,0xf0,0x1f,0xf8,0x3f,0xfc,0x7f,0xfe,0xff,0xff,0xff,0xff,0x7f,0xfe,0x3f,0xfc,0x1f,0xf8,0x0f,0xf0,0x07,0xe0,0x03,0xc0,0x01,0x80},
    {0x00,0x00,0x7f,0xfe,0x40,0x02,0x40,0x02,0x40,0x02,0x40,0x02,0x40,0x02,0x40,0x02,0x40,0x02,0x40,0x02,0x40,0x02,0x40,0x02,0x40,0x02,0x40,0x02,0x7f,0xfe,0x00,0x00},
    {0x00,0x00,0x7f,0xfe,0x7f,0xfe,0x7f,0xfe,0x7f,0xfe,0x7f,0xfe,0x7f,0xfe,0x7f,0xfe,0x7f,0xfe,0x7f,0xfe,0x7f,0xfe,0x7f,0xfe,0x7f,0xfe,0x7f,0xfe,0x7f,0xfe,0x00,0x00},
    {0x00,0x00,0x01,0x00,0x01,0x00,0x02,0x80,0x02,0x80,0x04,0x40,0x04,0x40,0x08,0x20,0x08,0x10,0x10,0x10,0x10,0x08,0x20,0x08,0x20,0x04,0x7f,0xfe,0x00,0x00,0x00,0x00},
    {0x00,0x00,0x01,0x00,0x01,0x00,0x03,0x80,0x03,0x80,0x07,0xc0,0x07,0xe0,0x0f,0xe0,0x0f,0xf0,0x1f,0xf0,0x1f,0xf8,0x3f,0xfc,0x3f,0xfc,0x7f,0xfe,0x00,0x00,0x00,0x00},
    {0x00,0x00,0x00,0x00,0x7f,0xfe,0x20,0x04,0x20,0x08,0x10,0x08,0x10,0x10,0x08,0x10,0x08,0x20,0x04,0x40,0x04,0x40,0x02,0x80,0x02,0x80,0x01,0x00,0x01,0x00,0x00,0x00},
    {0x00,0x00,0x00,0x00,0x7f,0xfe,0x3f,0xfc,0x3f,0xfc,0x1f,0xf8,0x1f,0xf0,0x0f,0xf0,0x0f,0xe0,0x07,0xe0,0x07,0xc0,0x03,0x80,0x03,0x80,0x01,0x00,0x01,0x00,0x00,0x00},
    {0x00,0x00,0x00,0x00,0x21,0x84,0x11,0x88,0x08,0x10,0x04,0x20,0x02,0x40,0x31,0x8c,0x31,0x8c,0x02,0x40,0x04,0x20,0x08,0x10,0x11,0x88,0x21,0x84,0x00,0x00,0x00,0x00},
    {0x00,0x00,0x3f,0xfc,0x3f,0xfc,0x00,0x00,0x00,0x00,0x7f,0xfe,0x7f,0xfe,0x01,0x80,0x01,0x80,0x01,0x80,0x01,0x80,0x01,0x80,0x01,0x80,0x01,0x80,0x01,0x80,0x00,0x00},
    {0x00,0x00,0x00,0x00,0x00,0x00,0x00,0x00,0x00,0x20,0x00,0x10,0x00,0x0c,0xff,0xff,0x00,0x0c,0x00,0x10,0x00,0x20,0x00,0x00,0x00,0x00,0x00,0x00,0x00,0x00,0x00,0x00},
    {0x00,0x00,0x00,0x00,0x00,0x00,0x00,0x00,0x04,0x00,0x08,0x00,0x30,0x00,0xff,0xff,0x30,0x00,0x08,0x00,0x04,0x00,0x00,0x00,0x00,0x00,0x00,0x00,0x00,0x00,0x00,0x00},
    {0x01,0x00,0x01,0x00,0x03,0x80,0x03,0x80,0x05,0x40,0x09,0x20,0x01,0x00,0x01,0x00,0x01,0x00,0x01,0x00,0x01,0x00,0x01,0x00,0x01,0x00,0x01,0x00,0x01,0x00,0x01,0x00},
    {0x01,0x00,0x01,0x00,0x01,0x00,0x01,0x00,0x01,0x00,0x01,0x00,0x01,0x00,0x01,0x00,0x01,0x00,0x01,0x00,0x09,0x20,0x05,0x40,0x03,0x80,0x03,0x80,0x01,0x00,0x01,0x00},
    {0x00,0x00,0x00,0x00,0x00,0x00,0x3f,0xfe,0x3f,0xfe,0x3f,0xfe,0x00,0x00,0x00,0x00,0x00,0x00,0x00,0x00,0x3f,0xfe,0x3f,0xfe,0x3f,0xfe,0x00,0x00,0x00,0x00,0x00,0x00},
    {0x00,0x00,0x00,0x00,0x00,0x00,0x07,0xf8,0x08,0x00,0x10,0x00,0x10,0x00,0x1f,0xf8,0x10,0x00,0x10,0x00,0x08,0x00,0x07,0xf8,0x00,0x00,0x00,0x00,0x00,0x00,0x00,0x00},
    {0x00,0x00,0x00,0x00,0x00,0x00,0x1f,0xe0,0x00,0x10,0x00,0x08,0x00,0x08,0x1f,0xf8,0x00,0x08,0x00,0x08,0x00,0x10,0x1f,0xe0,0x00,0x00,0x00,0x00,0x00,0x00,0x00,0x00},
    {0x00,0x00,0x00,0x00,0x0f,0xfc,0x10,0x00,0x20,0x00,0x20,0x00,0x20,0x00,0x20,0x00,0x10,0x00,0x0f,0xfc,0x00,0x00,0x00,0x00,0x3f,0xfc,0x00,0x00,0x00,0x00,0x00,0x00},
    {0x00,0x00,0x00,0x00,0x3f,0xf0,0x00,0x08,0x00,0x04,0x00,0x04,0x00,0x04,0x00,0x04,0x00,0x08,0x3f,0xf0,0x00,0x00,0x00,0x00,0x3f,0xfc,0x00,0x00,0x00,0x00,0x00,0x00},
    {0x00,0x00,0x00,0x00,0x00,0x00,0x03,0xfc,0x0c,0x00,0x10,0x00,0x20,0x00,0x20,0x00,0x20,0x00,0x20,0x00,0x10,0x00,0x0c,0x00,0x03,0xfc,0x00,0x00,0x00,0x00,0x00,0x00},
    {0x00,0x00,0x00,0x00,0x00,0x00,0x3f,0xc0,0x00,0x30,0x00,0x08,0x00,0x04,0x00,0x04,0x00,0x04,0x00,0x04,0x00,0x08,0x00,0x30,0x3f,0xc0,0x00,0x00,0x00,0x00,0x00,0x00},
    {0x00,0x00,0x00,0x00,0x10,0x08,0x10,0x08,0x10,0x08,0x10,0x08,0x10,0x08,0x10,0x08,0x10,0x08,0x10,0x08,0x08,0x10,0x08,0x10,0x04,0x20,0x03,0xc0,0x00,0x00,0x00,0x00},
    {0x00,0x00,0x00,0x00,0x03,0xc0,0x04,0x20,0x08,0x10,0x08,0x10,0x10,0x08,0x10,0x08,0x10,0x08,0x10,0x08,0x10,0x08,0x10,0x08,0x10,0x08,0x10,0x08,0x00,0x00,0x00,0x00},
    {0x00,0x00,0x00,0x00,0x00,0x80,0x00,0x80,0x01,0x40,0x01,0x40,0x02,0x20,0x02,0x20,0x04,0x10,0x04,0x10,0x08,0x08,0x08,0x08,0x10,0x04,0x10,0x04,0x00,0x00,0x00,0x00},
    {0x00,0x00,0x00,0x00,0x10,0x04,0x10,0x04,0x08,0x08,0x08,0x08,0x04,0x10,0x04,0x10,0x02,0x20,0x02,0x20,0x01,0x40,0x01,0x40,0x00,0x80,0x00,0x80,0x00,0x00,0x00,0x00},
    {0x00,0x00,0x00,0x00,0x00,0x00,0x00,0x00,0x00,0x00,0x00,0x00,0x3f,0xfc,0x00,0x04,0x00,0x04,0x00,0x04,0x00,0x04,0x00,0x00,0x00,0x00,0x00,0x00,0x00,0x00,0x00,0x00},
    {0x00,0x00,0x00,0x00,0x00,0x00,0x00,0x10,0x00,0x08,0xff,0xfc,0x00,0x02,0x00,0x01,0x00,0x02,0xff,0xfc,0x00,0x08,0x00,0x10,0x00,0x00,0x00,0x00,0x00,0x00,0x00,0x00},
    {0x00,0x00,0x00,0x00,0x00,0x00,0x08,0x10,0x10,0x08,0x3f,0xfc,0x40,0x02,0x80,0x01,0x40,0x02,0x3f,0xfc,0x10,0x08,0x08,0x10,0x00,0x00,0x00,0x00,0x00,0x00,0x00,0x00},
    {0x00,0x00,0x20,0x02,0x20,0x02,0x10,0x04,0x10,0x04,0x0f,0xf8,0x08,0x08,0x04,0x10,0x04,0x10,0x02,0x20,0x02,0x20,0x01,0x40,0x01,0x40,0x00,0x80,0x00,0x80,0x00,0x00},
    {0x00,0x00,0x00,0x00,0x1f,0xf0,0x00,0x10,0x00,0x10,0x00,0x10,0x00,0x10,0x1f,0xf0,0x00,0x10,0x00,0x10,0x00,0x10,0x00,0x10,0x1f,0xf0,0x00,0x00,0x00,0x00,0x00,0x00},
    {0x00,0x00,0x00,0x00,0x00,0x08,0x00,0x10,0x00,0x20,0x00,0x40,0x00,0x80,0x01,0x00,0x02,0x00,0x04,0x00,0x08,0x00,0x10,0x00,0x3f,0xfc,0x00,0x00,0x00,0x00,0x00,0x00},
    {0x00,0x00,0x00,0x00,0x01,0x00,0x01,0x00,0x01,0x00,0x01,0x00,0x01,0x00,0x01,0x00,0x01,0x00,0x01,0x00,0x01,0x00,0x01,0x00,0x3f,0xfc,0x00,0x00,0x00,0x00,0x00,0x00},
    {0x07,0xe0,0x38,0x1c,0x40,0x02,0x00,0x00,0x00,0x00,0x00,0x00,0x00,0x00,0x00,0x00,0x00,0x00,0x00,0x00,0x00,0x00,0x00,0x00,0x00,0x00,0x00,0x00,0x00,0x00,0x00,0x00},
    {0x00,0x00,0x00,0xc0,0x03,0x20,0x04,0x10,0x00,0x10,0x00,0x10,0x03,0xb0,0x04,0x60,0x0c,0x60,0x08,0x60,0x18,0x40,0x18,0xc0,0x09,0x80,0x06,0x00,0x00,0x00,0x00,0x00},
    {0x00,0x00,0x7f,0xfe,0x20,0x04,0x30,0x04,0x10,0x08,0x18,0x08,0x08,0x10,0x0c,0x10,0x04,0x20,0x06,0x20,0x02,0x40,0x03,0x40,0x01,0x80,0x00,0x80,0x00,0x00,0x00,0x00},
    {0x00,0x00,0x00,0x00,0x00,0x00,0x3f,0xfc,0x00,0x00,0x00,0x00,0x00,0x00,0x3f,0xfc,0x00,0x00,0x00,0x00,0x00,0x00,0x3f,0xfc,0x00,0x00,0x00,0x00,0x00,0x00,0x00,0x00},
    {0x00,0x00,0x00,0x00,0x18,0x00,0x18,0x00,0x00,0x00,0x3f,0xfc,0x00,0x00,0x00,0x00,0x00,0x00,0x3f,0xfc,0x00,0x00,0x00,0x18,0x00,0x18,0x00,0x00,0x00,0x00,0x00,0x00},
    {0x00,0x00,0x00,0x88,0x01,0x10,0x02,0x20,0x04,0x40,0x08,0x80,0x11,0x00,0x22,0x00,0x11,0x00,0x08,0x80,0x04,0x40,0x02,0x20,0x01,0x10,0x00,0x88,0x00,0x44,0x00,0x00},
    {0x00,0x00,0x11,0x00,0x08,0x80,0x04,0x40,0x02,0x20,0x01,0x10,0x00,0x88,0x00,0x44,0x00,0x88,0x01,0x10,0x02,0x20,0x04,0x40,0x08,0x80,0x11,0x00,0x22,0x00,0x00,0x00},
    {0x00,0xff,0x00,0x80,0x00,0x80,0x01,0x00,0x01,0x00,0x01,0x00,0x01,0x00,0x02,0x00,0x02,0x00,0x22,0x00,0x22,0x00,0x34,0x00,0x54,0x00,0x5c,0x00,0x08,0x00,0x08,0x00},
    {0x00,0x00,0x00,0x00,0x00,0x00,0x00,0x00,0x1c,0x38,0x20,0x44,0x40,0x82,0x40,0x82,0x41,0x02,0x41,0x02,0x22,0x04,0x1c,0x38,0x00,0x00,0x00,0x00,0x00,0x00,0x00,0x00},
    {0x00,0x00,0x00,0x00,0x00,0x00,0x00,0x00,0x1c,0x38,0x22,0x44,0x41,0x80,0x41,0x80,0x41,0x80,0x41,0x80,0x22,0x44,0x1c,0x38,0x00,0x00,0x00,0x00,0x00,0x00,0x00,0x00},
    {0x00,0x00,0x00,0x00,0x00,0x00,0x30,0x0c,0x30,0x0c,0x00,0x00,0x00,0x00,0x00,0x00,0x00,0x00,0x00,0x00,0x00,0x00,0x01,0x80,0x01,0x80,0x00,0x00,0x00,0x00,0x00,0x00},
    {0x01,0xc0,0x02,0x40,0x02,0x00,0x02,0x00,0x03,0x00,0x03,0x00,0x01,0x00,0x01,0x80,0x01,0x80,0x00,0x80,0x00,0xc0,0x00,0xc0,0x00,0x40,0x00,0x40,0x02,0x40,0x03,0x80},
    {0x0e,0x38,0x12,0x48,0x10,0x40,0x10,0x40,0x18,0x60,0x18,0x60,0x08,0x20,0x0c,0x30,0x0c,0x30,0x04,0x10,0x06,0x18,0x06,0x18,0x02,0x08,0x02,0x08,0x12,0x48,0x1c,0x70},
    {0x00,0xc0,0x01,0x20,0x01,0x20,0x00,0xc0,0x00,0x80,0x00,0x80,0x01,0x40,0x01,0x40,0x02,0x20,0x02,0x20,0x03,0xe0,0x04,0x10,0x04,0x10,0x0e,0x38,0x00,0x00,0x00,0x00},
    {0x00,0x00,0x00,0x08,0x18,0x10,0x34,0x20,0x24,0x20,0x24,0x40,0x24,0x80,0x2d,0x00,0x1a,0x00,0x05,0x8c,0x07,0x5a,0x0a,0x52,0x12,0x52,0x22,0xd6,0x41,0x8c,0x00,0x00},
    {0x00,0x20,0x04,0x20,0x04,0x20,0x04,0x3c,0x07,0xfc,0x3f,0xe0,0x3c,0x20,0x04,0x20,0x04,0x20,0x04,0x3c,0x07,0xfc,0x3f,0xe0,0x3c,0x20,0x04,0x20,0x04,0x20,0x04,0x00},
    {0x04,0x00,0x04,0x00,0x04,0x00,0x04,0x00,0x04,0x00,0x04,0x00,0x04,0x00,0x05,0xe0,0x06,0x30,0x04,0x30,0x04,0x30,0x04,0x60,0x04,0xc0,0x05,0x00,0x06,0x00,0x04,0x00},
    {0x00,0x80,0x00,0x80,0x00,0xc0,0x00,0xe0,0x00,0xb0,0x00,0x98,0x00,0x8c,0x00,0x84,0x00,0x84,0x00,0x88,0x00,0x90,0x00,0x80,0x0f,0x80,0x1f,0x80,0x1f,0x00,0x0e,0x00},
    {0x00,0x80,0x01,0xc0,0x04,0x90,0x0f,0xf8,0x04,0x90,0x00,0x80,0x03,0xe0,0x01,0xc0,0x01,0xc0,0x01,0xc0,0x01,0xc0,0x01,0xc0,0x00,0x80,0x00,0x80,0x00,0x80,0x00,0x80},
    {0x01,0x00,0x03,0x80,0x09,0x20,0x1f,0xf0,0x09,0x20,0x03,0x80,0x03,0x80,0x01,0x00,0x01,0x00,0x03,0x80,0x03,0x80,0x09,0x20,0x1f,0xf0,0x09,0x20,0x03,0x80,0x01,0x00},
    {0x00,0x00,0x07,0xe0,0x0f,0x20,0x1f,0x20,0x1f,0x20,0x0f,0x20,0x07,0x20,0x01,0x20,0x01,0x20,0x01,0x20,0x01,0x20,0x01,0x20,0x01,0x20,0x01,0x20,0x01,0x20,0x01,0x20},
    {0x03,0xc0,0x0c,0x30,0x10,0x08,0x20,0x04,0x40,0x02,0x40,0x02,0x80,0x01,0x80,0x01,0x80,0x01,0x80,0x01,0x40,0x02,0x40,0x02,0x20,0x04,0x10,0x08,0x0c,0x30,0x03,0xc0},
    {0x00,0x00,0x03,0xc0,0x04,0x20,0x08,0x10,0x08,0x10,0x10,0x08,0x10,0x08,0x10,0x08,0x10,0x08,0x10,0x08,0x10,0x08,0x08,0x10,0x08,0x10,0x04,0x20,0x03,0xc0,0x00,0x00},
    {0x00,0x00,0x00,0x80,0x00,0x80,0x01,0x80,0x02,0x80,0x00,0x80,0x00,0x80,0x00,0x80,0x00,0x80,0x00,0x80,0x00,0x80,0x00,0x80,0x00,0x80,0x00,0x80,0x01,0xc0,0x00,0x00},
    {0x00,0x00,0x03,0xe0,0x04,0x10,0x08,0x08,0x08,0x08,0x00,0x08,0x00,0x10,0x00,0x20,0x00,0x40,0x00,0x80,0x01,0x00,0x02,0x00,0x04,0x00,0x04,0x00,0x0f,0xf8,0x00,0x00},
    {0x00,0x00,0x03,0xc0,0x0c,0x20,0x10,0x10,0x00,0x10,0x00,0x20,0x00,0x40,0x03,0xe0,0x00,0x10,0x00,0x08,0x00,0x08,0x00,0x08,0x10,0x10,0x0c,0x60,0x03,0x80,0x00,0x00},
    {0x00,0x00,0x00,0x20,0x00,0x20,0x00,0x60,0x00,0xa0,0x01,0x20,0x02,0x20,0x04,0x20,0x08,0x20,0x10,0x20,0x1f,0xfc,0x00,0x20,0x00,0x20,0x00,0x20,0x00,0x70,0x00,0x00},
    {0x00,0x00,0x0f,0xf8,0x08,0x00,0x08,0x00,0x08,0x00,0x08,0x00,0x0b,0xe0,0x0c,0x10,0x08,0x08,0x00,0x08,0x00,0x08,0x00,0x08,0x00,0x10,0x0c,0x60,0x03,0x80,0x00,0x00},
    {0x00,0x00,0x00,0xe0,0x03,0x00,0x04,0x00,0x08,0x00,0x08,0x00,0x13,0xc0,0x14,0x20,0x18,0x10,0x10,0x08,0x10,0x08,0x10,0x08,0x08,0x10,0x04,0x20,0x03,0xc0,0x00,0x00},
    {0x00,0x00,0x1f,0xf8,0x10,0x08,0x10,0x10,0x10,0x10,0x00,0x20,0x00,0x20,0x00,0x40,0x00,0x40,0x00,0x80,0x00,0x80,0x00,0x80,0x01,0x00,0x01,0x00,0x01,0x00,0x00,0x00},
    {0x00,0x00,0x03,0xc0,0x0c,0x30,0x10,0x08,0x10,0x08,0x10,0x08,0x0c,0x30,0x03,0xc0,0x04,0x20,0x08,0x10,0x10,0x08,0x10,0x08,0x18,0x18,0x0c,0x30,0x03,0xc0,0x00,0x00},
    {0x00,0x00,0x03,0xc0,0x04,0x20,0x08,0x10,0x10,0x08,0x10,0x08,0x10,0x08,0x08,0x18,0x04,0x28,0x03,0xc8,0x00,0x10,0x00,0x10,0x00,0x20,0x00,0xc0,0x07,0x00,0x00,0x00},
    {0x00,0x00,0x00,0x80,0x00,0x80,0x01,0x40,0x01,0x40,0x02,0x20,0x02,0x20,0x04,0x10,0x07,0xf0,0x04,0x10,0x08,0x08,0x08,0x08,0x10,0x04,0x38,0x0e,0x00,0x00,0x00,0x00},
    {0x00,0x00,0x3f,0xe0,0x08,0x10,0x08,0x08,0x08,0x08,0x08,0x10,0x0f,0xe0,0x08,0x10,0x08,0x08,0x08,0x04,0x08,0x04,0x08,0x08,0x08,0x30,0x3f,0xc0,0x00,0x00,0x00,0x00},
    {0x00,0x00,0x03,0xc8,0x0c,0x28,0x18,0x18,0x10,0x08,0x20,0x08,0x20,0x00,0x20,0x00,0x20,0x00,0x20,0x00,0x10,0x08,0x18,0x18,0x0c,0x30,0x03,0xc0,0x00,0x00,0x00,0x00},
    {0x00,0x00,0x3f,0x80,0x08,0x60,0x08,0x10,0x08,0x08,0x08,0x08,0x08,0x04,0x08,0x04,0x08,0x04,0x08,0x08,0x08,0x08,0x08,0x10,0x08,0x60,0x3f,0x80,0x00,0x00,0x00,0x00},
    {0x00,0x00,0x3f,0xf8,0x08,0x08,0x08,0x04,0x08,0x00,0x08,0x00,0x08,0x40,0x0f,0xc0,0x08,0x40,0x08,0x00,0x08,0x00,0x08,0x04,0x08,0x08,0x3f,0xf8,0x00,0x00,0x00,0x00},
    {0x00,0x00,0x1f,0xf8,0x04,0x08,0x04,0x04,0x04,0x00,0x04,0x00,0x04,0x20,0x07,0xe0,0x04,0x20,0x04,0x00,0x04,0x00,0x04,0x00,0x04,0x00,0x1f,0x00,0x00,0x00,0x00,0x00},
    {0x00,0x00,0x03,0xc8,0x0c,0x38,0x18,0x08,0x10,0x08,0x20,0x00,0x20,0x00,0x20,0x00,0x20,0x3e,0x20,0x08,0x10,0x08,0x18,0x18,0x0c,0x68,0x03,0x88,0x00,0x00,0x00,0x00},
    {0x00,0x00,0x38,0x1c,0x10,0x08,0x10,0x08,0x10,0x08,0x10,0x08,0x10,0x08,0x1f,0xf8,0x10,0x08,0x10,0x08,0x10,0x08,0x10,0x08,0x10,0x08,0x38,0x1c,0x00,0x00,0x00,0x00},
    {0x00,0x00,0x03,0x80,0x01,0x00,0x01,0x00,0x01,0x00,0x01,0x00,0x01,0x00,0x01,0x00,0x01,0x00,0x01,0x00,0x01,0x00,0x01,0x00,0x01,0x00,0x03,0x80,0x00,0x00,0x00,0x00},
    {0x00,0x00,0x00,0x70,0x00,0x20,0x00,0x20,0x00,0x20,0x00,0x20,0x00,0x20,0x00,0x20,0x00,0x20,0x00,0x20,0x00,0x20,0x08,0x20,0x04,0x40,0x03,0x80,0x00,0x00,0x00,0x00},
    {0x00,0x00,0x1c,0x1c,0x08,0x10,0x08,0x20,0x08,0x40,0x08,0x80,0x09,0x00,0x0b,0x00,0x0c,0x80,0x08,0x40,0x08,0x20,0x08,0x10,0x08,0x08,0x1c,0x0e,0x00,0x00,0x00,0x00},
    {0x00,0x00,0x0e,0x00,0x04,0x00,0x04,0x00,0x04,0x00,0x04,0x00,0x04,0x00,0x04,0x00,0x04,0x00,0x04,0x00,0x04,0x00,0x04,0x04,0x04,0x04,0x0f,0xfc,0x00,0x00,0x00,0x00},
    {0x00,0x00,0x60,0x0c,0x20,0x08,0x30,0x18,0x30,0x18,0x28,0x28,0x28,0x28,0x24,0x48,0x24,0x48,0x24,0x48,0x22,0x88,0x22,0x88,0x21,0x08,0x71,0x1c,0x00,0x00,0x00,0x00},
    {0x00,0x00,0x38,0x1c,0x18,0x08,0x14,0x08,0x14,0x08,0x12,0x08,0x11,0x08,0x11,0x08,0x10,0x88,0x10,0x48,0x10,0x48,0x10,0x28,0x10,0x18,0x38,0x08,0x00,0x00,0x00,0x00},
    {0x00,0x00,0x03,0xc0,0x0c,0x30,0x18,0x18,0x10,0x08,0x20,0x04,0x20,0x04,0x20,0x04,0x20,0x04,0x20,0x04,0x10,0x08,0x18,0x18,0x0c,0x30,0x03,0xc0,0x00,0x00,0x00,0x00},
    {0x00,0x00,0x1f,0xe0,0x04,0x18,0x04,0x04,0x04,0x04,0x04,0x04,0x04,0x18,0x07,0xe0,0x04,0x00,0x04,0x00,0x04,0x00,0x04,0x00,0x04,0x00,0x0e,0x00,0x00,0x00,0x00,0x00},
    {0x00,0x00,0x03,0xc0,0x0c,0x30,0x18,0x18,0x10,0x08,0x20,0x04,0x20,0x04,0x20,0x04,0x20,0x04,0x20,0x04,0x11,0x88,0x1a,0x50,0x0c,0x20,0x03,0xd2,0x00,0x0c,0x00,0x00},
    {0x00,0x00,0x3f,0xc0,0x08,0x30,0x08,0x08,0x08,0x08,0x08,0x08,0x08,0x30,0x0f,0xc0,0x08,0x20,0x08,0x20,0x08,0x10,0x08,0x10,0x08,0x08,0x1c,0x1c,0x00,0x00,0x00,0x00},
    {0x00,0x00,0x03,0xd0,0x04,0x30,0x08,0x10,0x08,0x00,0x08,0x00,0x04,0x00,0x03,0xc0,0x00,0x30,0x00,0x08,0x10,0x08,0x18,0x08,0x14,0x10,0x03,0xe0,0x00,0x00,0x00,0x00},
    {0x00,0x00,0x3f,0xf8,0x21,0x08,0x41,0x04,0x01,0x00,0x01,0x00,0x01,0x00,0x01,0x00,0x01,0x00,0x01,0x00,0x01,0x00,0x01,0x00,0x01,0x00,0x03,0x80,0x00,0x00,0x00,0x00},
    {0x00,0x00,0x38,0x1c,0x10,0x08,0x10,0x08,0x10,0x08,0x10,0x08,0x10,0x08,0x10,0x08,0x10,0x08,0x10,0x08,0x10,0x08,0x08,0x10,0x04,0x20,0x03,0xc0,0x00,0x00,0x00,0x00},
    {0x00,0x00,0x38,0x1c,0x10,0x08,0x10,0x08,0x08,0x10,0x08,0x10,0x08,0x20,0x04,0x20,0x04,0x40,0x04,0x40,0x02,0x80,0x02,0x80,0x01,0x00,0x01,0x00,0x00,0x00,0x00,0x00},
    {0x00,0x00,0x71,0x8e,0x21,0x84,0x21,0x84,0x21,0x84,0x22,0x44,0x12,0x48,0x12,0x48,0x14,0x28,0x14,0x28,0x0c,0x28,0x0c,0x30,0x08,0x10,0x08,0x10,0x00,0x00,0x00,0x00},
    {0x00,0x00,0x38,0x38,0x10,0x10,0x08,0x20,0x04,0x40,0x04,0x40,0x02,0x80,0x01,0x00,0x02,0x80,0x04,0x40,0x04,0x40,0x08,0x20,0x10,0x10,0x38,0x38,0x00,0x00,0x00,0x00},
    {0x00,0x00,0x38,0x38,0x10,0x10,0x08,0x20,0x08,0x20,0x04,0x40,0x04,0x40,0x02,0x80,0x01,0x00,0x01,0x00,0x01,0x00,0x01,0x00,0x01,0x00,0x03,0x80,0x00,0x00,0x00,0x00},
    {0x00,0x00,0x0f,0xf8,0x08,0x10,0x10,0x20,0x00,0x40,0x00,0x40,0x00,0x80,0x01,0x00,0x01,0x00,0x02,0x00,0x04,0x00,0x04,0x08,0x08,0x08,0x1f,0xf8,0x00,0x00,0x00,0x00},
    {0x00,0x00,0x00,0x00,0x00,0x00,0x00,0x00,0x00,0x00,0x03,0xc0,0x04,0x20,0x00,0x20,0x03,0xa0,0x04,0x60,0x08,0x20,0x08,0x60,0x08,0xa8,0x07,0x18,0x00,0x00,0x00,0x00},
    {0x00,0x00,0x0c,0x00,0x04,0x00,0x04,0x00,0x04,0x00,0x04,0x00,0x05,0xc0,0x06,0x20,0x04,0x10,0x04,0x10,0x04,0x10,0x04,0x10,0x06,0x20,0x05,0xc0,0x00,0x00,0x00,0x00},
    {0x00,0x00,0x00,0x00,0x00,0x00,0x00,0x00,0x00,0x00,0x03,0x80,0x04,0x40,0x08,0x20,0x08,0x00,0x08,0x00,0x08,0x00,0x08,0x20,0x04,0x40,0x03,0x80,0x00,0x00,0x00,0x00},
    {0x00,0x00,0x00,0x60,0x00,0x20,0x00,0x20,0x00,0x20,0x00,0x20,0x03,0xa0,0x04,0x60,0x08,0x20,0x08,0x20,0x08,0x20,0x08,0x20,0x04,0x60,0x03,0xb0,0x00,0x00,0x00,0x00},
    {0x00,0x00,0x00,0x00,0x00,0x00,0x00,0x00,0x00,0x00,0x03,0x80,0x04,0x40,0x08,0x20,0x08,0x20,0x0f,0xe0,0x08,0x00,0x08,0x00,0x04,0x20,0x03,0xc0,0x00,0x00,0x00,0x00},
    {0x00,0x00,0x00,0xf0,0x01,0x90,0x01,0x00,0x01,0x00,0x0f,0xf0,0x01,0x00,0x01,0x00,0x01,0x00,0x01,0x00,0x01,0x00,0x01,0x00,0x01,0x00,0x03,0x80,0x00,0x00,0x00,0x00},
    {0x00,0x00,0x00,0x00,0x00,0x00,0x00,0x00,0x00,0x00,0x03,0xd0,0x06,0x20,0x04,0x20,0x04,0x20,0x03,0xc0,0x04,0x00,0x07,0xe0,0x08,0x18,0x08,0x08,0x04,0x18,0x03,0xe0},
    {0x00,0x00,0x0c,0x00,0x04,0x00,0x04,0x00,0x04,0x00,0x05,0xc0,0x06,0x20,0x04,0x10,0x04,0x10,0x04,0x10,0x04,0x10,0x04,0x10,0x04,0x10,0x0e,0x38,0x00,0x00,0x00,0x00},
    {0x00,0x00,0x01,0x80,0x01,0x80,0x00,0x00,0x00,0x00,0x01,0x80,0x00,0x80,0x00,0x80,0x00,0x80,0x00,0x80,0x00,0x80,0x00,0x80,0x00,0x80,0x01,0xc0,0x00,0x00,0x00,0x00},
    {0x00,0x00,0x00,0xc0,0x00,0xc0,0x00,0x00,0x00,0x00,0x00,0xc0,0x00,0x40,0x00,0x40,0x00,0x40,0x00,0x40,0x00,0x40,0x00,0x40,0x00,0x40,0x00,0x40,0x08,0x80,0x07,0x00},
    {0x00,0x00,0x18,0x00,0x08,0x00,0x08,0x00,0x08,0x00,0x08,0x70,0x08,0x40,0x09,0x80,0x0e,0x00,0x09,0x00,0x08,0x80,0x08,0x40,0x08,0x20,0x1c,0x78,0x00,0x00,0x00,0x00},
    {0x00,0x00,0x03,0x00,0x01,0x00,0x01,0x00,0x01,0x00,0x01,0x00,0x01,0x00,0x01,0x00,0x01,0x00,0x01,0x00,0x01,0x00,0x01,0x00,0x01,0x00,0x03,0x80,0x00,0x00,0x00,0x00},
    {0x00,0x00,0x00,0x00,0x00,0x00,0x00,0x00,0x00,0x00,0x17,0x30,0x09,0xc8,0x08,0x88,0x08,0x88,0x08,0x88,0x08,0x88,0x08,0x88,0x08,0x88,0x1d,0xdc,0x00,0x00,0x00,0x00},
    {0x00,0x00,0x00,0x00,0x00,0x00,0x00,0x00,0x00,0x00,0x0c,0xe0,0x05,0x30,0x06,0x10,0x04,0x10,0x04,0x10,0x04,0x10,0x04,0x10,0x04,0x10,0x0e,0x38,0x00,0x00,0x00,0x00},
    {0x00,0x00,0x00,0x00,0x00,0x00,0x00,0x00,0x00,0x00,0x03,0xc0,0x04,0x20,0x08,0x10,0x08,0x10,0x08,0x10,0x08,0x10,0x08,0x10,0x04,0x20,0x03,0xc0,0x00,0x00,0x00,0x00},
    {0x00,0x00,0x00,0x00,0x00,0x00,0x00,0x00,0x00,0x00,0x0d,0xc0,0x06,0x20,0x04,0x10,0x04,0x10,0x04,0x10,0x04,0x10,0x06,0x20,0x05,0xc0,0x04,0x00,0x04,0x00,0x0e,0x00},
    {0x00,0x00,0x00,0x00,0x00,0x00,0x00,0x00,0x00,0x00,0x03,0xb0,0x04,0x60,0x08,0x20,0x08,0x20,0x08,0x20,0x08,0x20,0x04,0x60,0x03,0xa0,0x00,0x20,0x00,0x20,0x00,0x70},
    {0x00,0x00,0x00,0x00,0x00,0x00,0x00,0x00,0x00,0x00,0x06,0x70,0x02,0x90,0x03,0x00,0x02,0x00,0x02,0x00,0x02,0x00,0x02,0x00,0x02,0x00,0x07,0x00,0x00,0x00,0x00,0x00},
    {0x00,0x00,0x00,0x00,0x00,0x00,0x00,0x00,0x00,0x00,0x03,0xd0,0x04,0x30,0x04,0x10,0x03,0x00,0x00,0xc0,0x00,0x20,0x04,0x10,0x06,0x10,0x05,0xe0,0x00,0x00,0x00,0x00},
    {0x00,0x00,0x00,0x00,0x02,0x00,0x02,0x00,0x02,0x00,0x1f,0xe0,0x02,0x00,0x02,0x00,0x02,0x00,0x02,0x00,0x02,0x00,0x02,0x00,0x03,0x40,0x01,0xc0,0x00,0x00,0x00,0x00},
    {0x00,0x00,0x00,0x00,0x00,0x00,0x00,0x00,0x00,0x00,0x0c,0x30,0x04,0x10,0x04,0x10,0x04,0x10,0x04,0x10,0x04,0x10,0x04,0x10,0x02,0x30,0x01,0xd8,0x00,0x00,0x00,0x00},
    {0x00,0x00,0x00,0x00,0x00,0x00,0x00,0x00,0x00,0x00,0x1c,0x70,0x08,0x20,0x08,0x20,0x04,0x40,0x04,0x40,0x02,0x80,0x02,0x80,0x01,0x00,0x01,0x00,0x00,0x00,0x00,0x00},
    {0x00,0x00,0x00,0x00,0x00,0x00,0x00,0x00,0x00,0x00,0x39,0x1c,0x11,0x08,0x11,0x88,0x11,0x88,0x0a,0x50,0x0a,0x50,0x0a,0x50,0x04,0x20,0x04,0x20,0x00,0x00,0x00,0x00},
    {0x00,0x00,0x00,0x00,0x00,0x00,0x00,0x00,0x00,0x00,0x0c,0x30,0x04,0x20,0x02,0x40,0x01,0x80,0x01,0x80,0x02,0x40,0x04,0x20,0x08,0x10,0x1c,0x38,0x00,0x00,0x00,0x00},
    {0x00,0x00,0x00,0x00,0x00,0x00,0x00,0x00,0x00,0x00,0x0e,0x38,0x04,0x10,0x04,0x10,0x02,0x20,0x02,0x20,0x01,0x40,0x01,0x40,0x00,0x80,0x00,0x80,0x09,0x00,0x06,0x00},
    {0x00,0x00,0x00,0x00,0x00,0x00,0x00,0x00,0x00,0x00,0x0f,0xf0,0x08,0x20,0x00,0x40,0x00,0x80,0x00,0x80,0x01,0x00,0x02,0x10,0x04,0x10,0x0f,0xf0,0x00,0x00,0x00,0x00},
    {0x00,0x00,0x00,0x00,0x00,0x00,0x02,0x00,0x02,0xc0,0x0f,0x00,0x02,0x40,0x03,0xe0,0x06,0x50,0x0a,0x88,0x12,0x88,0x13,0x08,0x12,0x10,0x0c,0x20,0x00,0xc0,0x00,0x00},
    {0x02,0x00,0x02,0x00,0x02,0x60,0x1f,0x80,0x02,0x00,0x02,0x40,0x03,0xf0,0x04,0x48,0x0c,0x44,0x14,0x82,0x24,0x82,0x23,0x02,0x25,0x04,0x18,0x18,0x00,0x60,0x00,0x00},
    {0x00,0x00,0x00,0x00,0x00,0x00,0x00,0x00,0x00,0x00,0x00,0x00,0x04,0x00,0x04,0x10,0x08,0x08,0x08,0x08,0x08,0x04,0x08,0x04,0x09,0x04,0x05,0x00,0x02,0x00,0x00,0x00},
    {0x00,0x00,0x00,0x00,0x00,0x00,0x10,0x00,0x10,0x10,0x10,0x08,0x20,0x04,0x20,0x04,0x20,0x02,0x20,0x02,0x20,0x02,0x12,0x02,0x12,0x00,0x0c,0x00,0x00,0x00,0x00,0x00},
    {0x00,0x00,0x00,0x00,0x00,0x00,0x01,0x00,0x00,0xc0,0x00,0x00,0x00,0x00,0x01,0xe0,0x06,0x10,0x00,0x10,0x00,0x10,0x00,0x20,0x00,0x20,0x00,0x40,0x01,0x80,0x00,0x00},
    {0x03,0x00,0x00,0xc0,0x00,0x00,0x00,0x00,0x03,0xe0,0x1c,0x10,0x00,0x08,0x00,0x08,0x00,0x08,0x00,0x10,0x00,0x10,0x00,0x20,0x00,0x40,0x01,0x80,0x06,0x00,0x00,0x00},
    {0x00,0x00,0x00,0x00,0x00,0x00,0x00,0x00,0x02,0x00,0x01,0x80,0x00,0x60,0x00,0x00,0x0f,0xe0,0x00,0x40,0x00,0x80,0x01,0x00,0x06,0x80,0x08,0x80,0x10,0x80,0x00,0x78},
    {0x02,0x00,0x01,0x00,0x00,0xc0,0x00,0x00,0x0f,0xf0,0x00,0x20,0x00,0x40,0x00,0x80,0x01,0x00,0x03,0x80,0x04,0x40,0x08,0x40,0x10,0x40,0x20,0x20,0x00,0x1c,0x00,0x00},
    {0x00,0x00,0x00,0x00,0x00,0x00,0x00,0x00,0x02,0x00,0x02,0x10,0x03,0xc8,0x1e,0x08,0x02,0x00,0x03,0xe0,0x06,0x10,0x0a,0x08,0x12,0x08,0x12,0x10,0x0c,0x60,0x00,0x00},
    {0x02,0x00,0x02,0x00,0x02,0x18,0x03,0xc4,0x3e,0x02,0x02,0x01,0x02,0x00,0x03,0xe0,0x0e,0x18,0x12,0x04,0x22,0x04,0x22,0x04,0x24,0x08,0x18,0x30,0x00,0xc0,0x00,0x00},
    {0x00,0x00,0x04,0x00,0x04,0x00,0x04,0x10,0x04,0x08,0x3f,0x84,0x04,0x44,0x08,0x42,0x08,0x42,0x08,0x42,0x10,0x40,0x10,0x40,0x20,0x80,0x24,0x80,0x03,0x00,0x00,0x00},
    {0x04,0x00,0x04,0x0a,0x04,0x0a,0x04,0x12,0x04,0x08,0x3f,0x84,0x04,0x44,0x08,0x42,0x08,0x42,0x08,0x42,0x10,0x40,0x10,0x40,0x20,0x80,0x24,0x80,0x03,0x00,0x00,0x00},
    {0x01,0x00,0x01,0x00,0x01,0x70,0x1f,0x80,0x00,0x80,0x00,0xf8,0x3f,0x40,0x00,0x20,0x00,0x20,0x07,0xd0,0x08,0x30,0x10,0x00,0x10,0x00,0x0c,0x00,0x03,0xc0,0x00,0x00},
    {0x01,0x04,0x01,0x12,0x01,0x7a,0x1f,0x88,0x00,0x80,0x00,0xf8,0x3f,0x40,0x00,0x20,0x00,0x20,0x07,0xd0,0x08,0x30,0x10,0x00,0x10,0x00,0x0c,0x00,0x03,0xc0,0x00,0x00},
    {0x00,0x20,0x00,0x20,0x00,0x40,0x00,0x80,0x01,0x00,0x02,0x00,0x04,0x00,0x04,0x00,0x02,0x00,0x01,0x00,0x00,0x80,0x00,0x40,0x00,0x40,0x00,0x20,0x00,0x20,0x00,0x00},
    {0x00,0x20,0x00,0x20,0x00,0x44,0x00,0x92,0x01,0x0a,0x02,0x08,0x04,0x00,0x04,0x00,0x02,0x00,0x01,0x00,0x00,0x80,0x00,0x40,0x00,0x40,0x00,0x20,0x00,0x20,0x00,0x00},
    {0x00,0x10,0x10,0x10,0x10,0x10,0x10,0x10,0x10,0x1e,0x23,0xf0,0x20,0x10,0x20,0x10,0x20,0x10,0x20,0x10,0x28,0x10,0x10,0x10,0x10,0x10,0x00,0x20,0x00,0xc0,0x00,0x00},
    {0x00,0x12,0x10,0x19,0x10,0x15,0x10,0x14,0x10,0x1e,0x23,0xf0,0x20,0x10,0x20,0x10,0x20,0x10,0x20,0x10,0x28,0x10,0x10,0x10,0x10,0x10,0x00,0x20,0x00,0xc0,0x00,0x00},
    {0x00,0x00,0x00,0x00,0x07,0x00,0x00,0xf8,0x00,0x00,0x00,0x00,0x00,0x00,0x00,0x00,0x00,0x00,0x10,0x00,0x10,0x00,0x10,0x00,0x08,0x04,0x07,0xf8,0x00,0x00,0x00,0x00},
    {0x00,0x00,0x00,0x0a,0x07,0x0a,0x00,0xfa,0x00,0x00,0x00,0x00,0x00,0x00,0x00,0x00,0x00,0x00,0x10,0x00,0x10,0x00,0x10,0x00,0x08,0x04,0x07,0xf8,0x00,0x00,0x00,0x00},
    {0x00,0x80,0x00,0x80,0x00,0x8c,0x0f,0xf0,0x00,0x40,0x00,0x20,0x00,0x20,0x00,0x10,0x03,0xe8,0x04,0x18,0x08,0x00,0x08,0x00,0x04,0x00,0x03,0x00,0x00,0xf0,0x00,0x00},
    {0x01,0x04,0x01,0x12,0x01,0x0a,0x1f,0xf8,0x00,0x80,0x00,0x40,0x00,0x40,0x00,0x20,0x07,0xd0,0x08,0x30,0x10,0x00,0x10,0x00,0x08,0x00,0x06,0x00,0x01,0xe0,0x00,0x00},
    {0x00,0x00,0x08,0x00,0x08,0x00,0x08,0x00,0x08,0x00,0x08,0x00,0x08,0x00,0x08,0x00,0x08,0x00,0x08,0x00,0x08,0x00,0x08,0x08,0x08,0x10,0x04,0x60,0x03,0x80,0x00,0x00},
    {0x00,0x00,0x08,0x00,0x08,0x10,0x08,0x48,0x08,0x28,0x08,0x20,0x08,0x00,0x08,0x00,0x08,0x00,0x08,0x00,0x08,0x00,0x08,0x08,0x08,0x10,0x04,0x60,0x03,0x80,0x00,0x00},
    {0x00,0x40,0x00,0x40,0x00,0x7e,0x3f,0xc0,0x00,0x40,0x00,0x40,0x03,0x40,0x04,0xc0,0x04,0x40,0x04,0x40,0x04,0xc0,0x03,0x40,0x00,0x40,0x00,0x40,0x00,0x80,0x03,0x00},
    {0x00,0x42,0x00,0x49,0x00,0x7d,0x3f,0xc4,0x00,0x40,0x00,0x40,0x03,0x40,0x04,0xc0,0x04,0x40,0x04,0x40,0x04,0xc0,0x03,0x40,0x00,0x40,0x00,0x40,0x00,0x80,0x03,0x00},
    {0x00,0x00,0x00,0x20,0x04,0x20,0x04,0x20,0x04,0x3e,0x07,0xe0,0x7c,0x20,0x04,0x20,0x04,0x20,0x04,0x20,0x04,0x40,0x04,0x00,0x02,0x00,0x01,0xf8,0x00,0x00,0x00,0x00},
    {0x00,0x00,0x00,0x22,0x04,0x29,0x04,0x25,0x04,0x3c,0x07,0xe0,0x7c,0x20,0x04,0x20,0x04,0x20,0x04,0x20,0x04,0x40,0x04,0x00,0x02,0x00,0x01,0xf8,0x00,0x00,0x00,0x00},
    {0x00,0x00,0x07,0xf0,0x00,0x40,0x00,0x80,0x01,0x00,0x02,0x00,0x04,0x3c,0x3f,0xc0,0x00,0x80,0x01,0x00,0x02,0x00,0x02,0x00,0x02,0x00,0x01,0x00,0x00,0xe0,0x00,0x00},
    {0x00,0x04,0x07,0xf2,0x00,0x4a,0x00,0x88,0x01,0x00,0x02,0x00,0x04,0x3c,0x3f,0xc0,0x00,0x80,0x01,0x00,0x02,0x00,0x02,0x00,0x02,0x00,0x01,0x00,0x00,0xe0,0x00,0x00},
    {0x04,0x00,0x04,0x00,0x04,0xc0,0x3f,0x00,0x04,0x00,0x08,0x00,0x08,0x1c,0x08,0xe0,0x08,0x00,0x10,0x00,0x10,0x00,0x10,0x00,0x20,0x80,0x20,0x80,0x20,0x7e,0x00,0x00},
    {0x04,0x00,0x04,0x04,0x04,0xd2,0x3f,0x0a,0x04,0x08,0x08,0x00,0x08,0x1c,0x08,0xe0,0x08,0x00,0x10,0x00,0x10,0x00,0x10,0x00,0x20,0x80,0x20,0x80,0x20,0x7e,0x00,0x00},
    {0x02,0x00,0x02,0x00,0x02,0x00,0x3f,0xf0,0x02,0x00,0x04,0x00,0x04,0x00,0x04,0xf0,0x0b,0x08,0x0c,0x04,0x08,0x04,0x00,0x04,0x00,0x08,0x00,0x30,0x03,0xc0,0x00,0x00},
    {0x02,0x04,0x02,0x12,0x02,0x0a,0x3f,0xf8,0x02,0x00,0x04,0x00,0x04,0x00,0x04,0xf0,0x0b,0x08,0x0c,0x04,0x08,0x04,0x00,0x04,0x00,0x08,0x00,0x30,0x03,0xc0,0x00,0x00},
    {0x00,0x00,0x00,0x00,0x00,0x00,0x00,0x00,0x00,0x00,0x00,0x00,0x00,0x00,0x00,0x00,0x01,0xf0,0x0e,0x08,0x00,0x08,0x00,0x08,0x00,0x10,0x00,0x60,0x01,0x80,0x00,0x00},
    {0x00,0x00,0x00,0x00,0x00,0x00,0x00,0xe0,0x07,0x18,0x78,0x04,0x00,0x02,0x00,0x02,0x00,0x02,0x00,0x04,0x00,0x08,0x00,0x30,0x01,0xc0,0x00,0x00,0x00,0x00,0x00,0x00},
    {0x00,0x02,0x00,0x09,0x00,0x05,0x00,0xe4,0x07,0x18,0x78,0x04,0x00,0x02,0x00,0x02,0x00,0x02,0x00,0x04,0x00,0x08,0x00,0x30,0x01,0xc0,0x00,0x00,0x00,0x00,0x00,0x00},
    {0x00,0x00,0x00,0x0e,0x03,0xf0,0x7c,0x20,0x00,0x40,0x00,0x80,0x00,0x80,0x01,0x00,0x01,0x00,0x01,0x00,0x01,0x00,0x00,0x80,0x00,0x40,0x00,0x38,0x00,0x00,0x00,0x00},
    {0x00,0x00,0x00,0x0e,0x03,0xf0,0x7c,0x22,0x00,0x49,0x00,0x85,0x00,0x84,0x01,0x00,0x01,0x00,0x01,0x00,0x01,0x00,0x00,0x80,0x00,0x40,0x00,0x38,0x00,0x00,0x00,0x00},
    {0x00,0x00,0x04,0x00,0x04,0x00,0x02,0x00,0x02,0x00,0x01,0x0c,0x01,0x30,0x00,0xc0,0x01,0x00,0x02,0x00,0x04,0x00,0x08,0x00,0x08,0x00,0x04,0x00,0x03,0xfc,0x00,0x00},
    {0x00,0x00,0x08,0x04,0x08,0x12,0x04,0x0a,0x04,0x08,0x02,0x18,0x02,0x60,0x01,0x80,0x02,0x00,0x04,0x00,0x08,0x00,0x10,0x00,0x10,0x00,0x08,0x00,0x07,0xf8,0x00,0x00},
    {0x04,0x00,0x04,0x00,0x07,0x80,0x3c,0x18,0x04,0x04,0x08,0x22,0x08,0x20,0x08,0x20,0x10,0x20,0x10,0x20,0x20,0x20,0x03,0xe0,0x04,0x38,0x04,0x24,0x03,0xc0,0x00,0x00},
    {0x00,0x00,0x10,0x00,0x10,0x00,0x10,0x38,0x11,0xc0,0x20,0x00,0x20,0x00,0x20,0x00,0x20,0x00,0x20,0x00,0x22,0x00,0x22,0x00,0x21,0x80,0x28,0x7c,0x10,0x00,0x00,0x00},
    {0x00,0x00,0x00,0x80,0x10,0x80,0x10,0x80,0x13,0xf0,0x1c,0x88,0x10,0x84,0x10,0x82,0x29,0x02,0x29,0x02,0x46,0x02,0x44,0x3a,0x4a,0x44,0x30,0x44,0x00,0x3a,0x00,0x00},
    {0x08,0x00,0x08,0x00,0x08,0x00,0x0c,0x70,0x78,0x88,0x09,0x04,0x0a,0x04,0x0c,0x04,0x08,0x04,0x18,0x04,0x18,0x3c,0x28,0x44,0x48,0x46,0x08,0x38,0x08,0x00,0x00,0x00},
    {0x00,0x00,0x00,0x00,0x01,0xe0,0x06,0x90,0x08,0x88,0x10,0x84,0x10,0x84,0x21,0x02,0x21,0x02,0x22,0x04,0x24,0x04,0x18,0x08,0x00,0x10,0x00,0x60,0x00,0x00,0x00,0x00},
    {0x00,0x10,0x10,0x10,0x10,0x10,0x10,0x10,0x10,0x1e,0x23,0xf0,0x20,0x10,0x20,0x10,0x20,0x10,0x20,0x10,0x20,0x10,0x21,0xf0,0x2a,0x1c,0x12,0x12,0x11,0xe0,0x00,0x00},
    {0x00,0x10,0x10,0x15,0x10,0x15,0x10,0x15,0x10,0x1e,0x13,0xf0,0x20,0x10,0x20,0x10,0x20,0x10,0x20,0x10,0x20,0x10,0x21,0xf0,0x2a,0x1c,0x12,0x12,0x11,0xe0,0x00,0x00},
    {0x00,0x16,0x10,0x19,0x10,0x19,0x10,0x16,0x10,0x1e,0x13,0xf0,0x20,0x10,0x20,0x10,0x20,0x10,0x20,0x10,0x20,0x10,0x21,0xf0,0x2a,0x1c,0x12,0x12,0x11,0xe0,0x00,0x00},
    {0x00,0x00,0x01,0x00,0x0f,0x00,0x72,0x10,0x04,0x10,0x08,0x18,0x10,0x18,0x10,0x14,0x20,0x12,0x20,0x10,0x20,0x10,0x20,0x20,0x10,0x20,0x08,0xc0,0x07,0x00,0x00,0x00},
    {0x00,0x00,0x01,0x02,0x0f,0x09,0x72,0x15,0x04,0x14,0x08,0x18,0x10,0x18,0x10,0x14,0x20,0x12,0x20,0x10,0x20,0x10,0x20,0x20,0x10,0x20,0x08,0xc0,0x07,0x00,0x00,0x00},
    {0x00,0x06,0x01,0x09,0x0f,0x09,0x72,0x16,0x04,0x10,0x08,0x18,0x10,0x18,0x10,0x14,0x20,0x12,0x20,0x10,0x20,0x10,0x20,0x20,0x10,0x20,0x08,0xc0,0x07,0x00,0x00,0x00},
    {0x00,0x00,0x02,0x00,0x01,0xc0,0x00,0x40,0x00,0x80,0x01,0x00,0x01,0x00,0x00,0x88,0x10,0x44,0x10,0x42,0x20,0x21,0x20,0x21,0x40,0x20,0x04,0x40,0x03,0x80,0x00,0x00},
    {0x00,0x00,0x02,0x04,0x01,0xd2,0x00,0x4a,0x00,0x88,0x01,0x00,0x01,0x00,0x00,0x88,0x10,0x44,0x10,0x42,0x20,0x21,0x20,0x21,0x40,0x20,0x04,0x40,0x03,0x80,0x00,0x00},
    {0x00,0x0c,0x02,0x12,0x01,0xd2,0x00,0x4c,0x00,0x80,0x01,0x00,0x01,0x00,0x00,0x88,0x10,0x44,0x10,0x42,0x20,0x21,0x20,0x21,0x40,0x20,0x04,0x40,0x03,0x80,0x00,0x00},
    {0x00,0x00,0x00,0x00,0x00,0x00,0x00,0x00,0x06,0x00,0x09,0x00,0x10,0x80,0x20,0x40,0x40,0x20,0x00,0x18,0x00,0x06,0x00,0x00,0x00,0x00,0x00,0x00,0x00,0x00,0x00,0x00},
    {0x00,0x00,0x00,0x00,0x00,0x08,0x00,0x24,0x06,0x14,0x09,0x10,0x10,0x80,0x20,0x40,0x40,0x20,0x00,0x18,0x00,0x06,0x00,0x00,0x00,0x00,0x00,0x00,0x00,0x00,0x00,0x00},
    {0x00,0x00,0x00,0x00,0x00,0x18,0x00,0x24,0x00,0x24,0x06,0x18,0x09,0x00,0x10,0x80,0x20,0x40,0x40,0x20,0x00,0x18,0x00,0x06,0x00,0x00,0x00,0x00,0x00,0x00,0x00,0x00},
    {0x00,0x00,0x13,0xfc,0x10,0x10,0x10,0x10,0x10,0x10,0x20,0x1c,0x23,0xf0,0x20,0x10,0x20,0x10,0x20,0x10,0x20,0x10,0x21,0xf0,0x2a,0x1c,0x12,0x12,0x11,0xe0,0x00,0x00},
    {0x00,0x02,0x13,0xf9,0x10,0x15,0x10,0x14,0x10,0x10,0x20,0x1c,0x23,0xf0,0x20,0x10,0x20,0x10,0x20,0x10,0x20,0x10,0x21,0xf0,0x2a,0x1c,0x12,0x12,0x11,0xe0,0x00,0x00},
    {0x00,0x06,0x13,0xf9,0x10,0x19,0x10,0x16,0x10,0x10,0x20,0x1c,0x23,0xf0,0x20,0x10,0x20,0x10,0x20,0x10,0x20,0x10,0x21,0xf0,0x2a,0x1c,0x12,0x12,0x11,0xe0,0x00,0x00},
    {0x00,0x40,0x00,0x40,0x1f,0xfc,0x00,0x40,0x00,0x40,0x00,0x78,0x1f,0xc0,0x00,0x40,0x00,0x40,0x00,0x40,0x07,0xc0,0x08,0x70,0x10,0x4c,0x18,0x40,0x07,0x80,0x00,0x00},
    {0x00,0x00,0x00,0x00,0x1f,0x80,0x00,0x80,0x00,0x80,0x01,0x08,0x01,0x08,0x01,0x08,0x07,0xe8,0x1a,0x1c,0x22,0x12,0x44,0x10,0x48,0x20,0x30,0x20,0x00,0x40,0x00,0x00},
    {0x04,0x00,0x04,0x00,0x04,0x00,0x3f,0x88,0x04,0x04,0x04,0x04,0x1c,0x02,0x24,0x02,0x24,0x10,0x24,0x08,0x28,0x08,0x18,0x08,0x08,0x08,0x08,0x10,0x07,0xe0,0x00,0x00},
    {0x00,0x00,0x00,0x40,0x10,0x40,0x10,0x40,0x11,0xf0,0x16,0x88,0x18,0x84,0x18,0x84,0x29,0x02,0x25,0x02,0x42,0x02,0x42,0x04,0x4d,0x04,0x30,0x08,0x00,0x30,0x00,0x00},
    {0x02,0x00,0x02,0x00,0x02,0x00,0x1f,0xc0,0x02,0x00,0x02,0x00,0x04,0x60,0x3f,0x80,0x04,0x00,0x04,0x04,0x04,0x04,0x04,0x04,0x02,0x08,0x01,0x10,0x00,0xe0,0x00,0x00},
    {0x00,0x00,0x00,0x00,0x00,0x00,0x00,0x00,0x00,0xc0,0x08,0x20,0x08,0x00,0x04,0xf0,0x07,0x08,0x0c,0x08,0x32,0x10,0x02,0x60,0x01,0x00,0x01,0x00,0x01,0x00,0x00,0x00},
    {0x00,0x40,0x00,0x20,0x10,0x10,0x10,0x10,0x08,0x00,0x08,0x7c,0x05,0x82,0x0e,0x02,0x74,0x02,0x02,0x04,0x02,0x38,0x01,0x00,0x01,0x00,0x00,0x80,0x00,0x80,0x00,0x80},
    {0x00,0x00,0x00,0x00,0x00,0x00,0x00,0x00,0x00,0x80,0x10,0x80,0x11,0xe0,0x12,0x90,0x14,0x88,0x18,0x88,0x18,0x88,0x12,0x90,0x11,0xe0,0x00,0x80,0x01,0x00,0x02,0x00},
    {0x00,0x00,0x00,0x80,0x20,0x40,0x20,0xf8,0x23,0x44,0x24,0x42,0x28,0x42,0x30,0x42,0x30,0x42,0x22,0x44,0x21,0x48,0x20,0xf0,0x00,0x40,0x00,0x80,0x01,0x00,0x00,0x00},
    {0x00,0x00,0x00,0x00,0x00,0x00,0x00,0x00,0x01,0x00,0x01,0x00,0x01,0x00,0x01,0xe0,0x01,0x00,0x01,0x00,0x01,0x00,0x0f,0x00,0x11,0xc0,0x11,0x30,0x0e,0x00,0x00,0x00},
    {0x00,0x80,0x00,0x80,0x00,0x80,0x00,0x8c,0x00,0xf0,0x00,0x80,0x00,0x80,0x00,0x80,0x00,0x80,0x00,0x80,0x0f,0x80,0x30,0xe0,0x20,0x98,0x21,0x04,0x1e,0x00,0x00,0x00},
    {0x01,0x00,0x00,0x80,0x00,0x60,0x08,0x00,0x08,0x00,0x08,0x00,0x08,0x00,0x08,0xf0,0x0b,0x08,0x0c,0x04,0x08,0x04,0x00,0x08,0x00,0x10,0x00,0x60,0x03,0x80,0x00,0x00},
    {0x00,0x20,0x04,0x10,0x04,0x10,0x04,0x10,0x08,0x10,0x08,0x10,0x08,0x10,0x08,0x10,0x0a,0x10,0x04,0x10,0x00,0x20,0x00,0x20,0x00,0x40,0x00,0x80,0x03,0x00,0x00,0x00},
    {0x00,0x00,0x07,0xe0,0x00,0x40,0x00,0x80,0x01,0x00,0x02,0x00,0x07,0xe0,0x0c,0x10,0x10,0x08,0x20,0x04,0x00,0x04,0x03,0x04,0x04,0x88,0x04,0x70,0x03,0xc0,0x00,0x00},
    {0x04,0x00,0x04,0x00,0x04,0x00,0x04,0xe0,0x0d,0x10,0x76,0x10,0x04,0x10,0x04,0x10,0x04,0x10,0x0c,0x10,0x0c,0x10,0x14,0x11,0x24,0x12,0x44,0x0c,0x04,0x00,0x00,0x00},
    {0x00,0x00,0x07,0xe0,0x00,0x20,0x00,0x40,0x00,0x80,0x01,0x00,0x03,0xf0,0x06,0x08,0x08,0x04,0x10,0x04,0x00,0x04,0x00,0x08,0x00,0x10,0x00,0x60,0x01,0x80,0x00,0x00},
    {0x00,0x00,0x00,0x00,0x00,0x00,0x00,0x00,0x04,0x00,0x04,0x00,0x04,0x00,0x06,0xe0,0x1d,0x10,0x06,0x08,0x04,0x08,0x0c,0x08,0x14,0x10,0x04,0x60,0x04,0x00,0x04,0x00},
    {0x08,0x00,0x08,0x00,0x08,0x00,0x0e,0x00,0x1c,0x00,0x68,0xf0,0x0b,0x08,0x0c,0x04,0x08,0x02,0x18,0x02,0x28,0x04,0x48,0x04,0x08,0x18,0x08,0x60,0x08,0x00,0x00,0x00},
    {0x00,0x00,0x0f,0x80,0x00,0x80,0x00,0x80,0x00,0x80,0x00,0x80,0x03,0xf0,0x0d,0x08,0x11,0x04,0x22,0x02,0x42,0x02,0x44,0x72,0x48,0x8c,0x30,0x8a,0x00,0x70,0x00,0x00},
    {0x00,0x00,0x1f,0xc0,0x00,0x80,0x03,0x00,0x07,0xc0,0x08,0x20,0x10,0x10,0x06,0x10,0x09,0x20,0x09,0x40,0x07,0x80,0x04,0x00,0x0e,0x70,0x31,0x88,0x40,0x1c,0x00,0x00},
    {0x01,0x00,0x01,0x00,0x01,0xe0,0x1f,0x00,0x02,0x00,0x02,0x06,0x07,0x98,0x08,0x60,0x10,0xc0,0x21,0x40,0x02,0x40,0x04,0x40,0x04,0x00,0x02,0x00,0x01,0xf8,0x00,0x00},
    {0x00,0x80,0x00,0x80,0x01,0x00,0x01,0x00,0x02,0x00,0x02,0x00,0x02,0x00,0x05,0x80,0x06,0x40,0x0c,0x40,0x08,0x40,0x10,0x41,0x10,0x42,0x20,0x24,0x20,0x18,0x00,0x00},
    {0x00,0x00,0x00,0x00,0x00,0x00,0x00,0x00,0x00,0x00,0x00,0x00,0x00,0x00,0x1f,0xf0,0x01,0x10,0x01,0x20,0x01,0x40,0x01,0x00,0x01,0x00,0x02,0x00,0x04,0x00,0x00,0x00},
    {0x00,0x00,0x00,0x00,0x00,0x00,0x7f,0xfc,0x00,0x04,0x01,0x04,0x01,0x08,0x01,0x10,0x01,0x60,0x01,0x00,0x01,0x00,0x02,0x00,0x02,0x00,0x04,0x00,0x18,0x00,0x00,0x00},
    {0x00,0x00,0x00,0x00,0x00,0x00,0x00,0x00,0x00,0x00,0x00,0x10,0x00,0x20,0x00,0x40,0x00,0x80,0x03,0x80,0x0c,0x80,0x00,0x80,0x00,0x80,0x00,0x80,0x00,0x80,0x00,0x00},
    {0x00,0x00,0x00,0x10,0x00,0x10,0x00,0x20,0x00,0x40,0x00,0x80,0x03,0x80,0x0c,0x80,0x30,0x80,0x00,0x80,0x00,0x80,0x00,0x80,0x00,0x80,0x00,0x80,0x00,0x80,0x00,0x00},
    {0x00,0x00,0x00,0x00,0x00,0x00,0x00,0x00,0x00,0x80,0x00,0x80,0x00,0x80,0x0f,0xf8,0x08,0x08,0x08,0x08,0x08,0x10,0x00,0x10,0x00,0x20,0x00,0xc0,0x03,0x00,0x00,0x00},
    {0x00,0x00,0x00,0x80,0x00,0x80,0x00,0x80,0x1f,0xfc,0x10,0x04,0x10,0x04,0x10,0x04,0x10,0x04,0x00,0x08,0x00,0x08,0x00,0x10,0x00,0x20,0x00,0xc0,0x03,0x00,0x00,0x00},
    {0x00,0x00,0x00,0x00,0x00,0x00,0x00,0x00,0x00,0x00,0x00,0x00,0x00,0x00,0x00,0x00,0x0f,0xe0,0x01,0x00,0x01,0x00,0x01,0x00,0x01,0x00,0x01,0x00,0x1f,0xf0,0x00,0x00},
    {0x00,0x00,0x00,0x00,0x00,0x00,0x00,0x00,0x1f,0xf8,0x00,0x80,0x00,0x80,0x00,0x80,0x00,0x80,0x00,0x80,0x00,0x80,0x00,0x80,0x7f,0xfe,0x00,0x00,0x00,0x00,0x00,0x00},
    {0x00,0x00,0x00,0x00,0x00,0x00,0x00,0x00,0x00,0x00,0x00,0x40,0x00,0x40,0x00,0x40,0x0f,0xf8,0x00,0xc0,0x01,0x40,0x02,0x40,0x04,0x40,0x08,0x40,0x00,0xc0,0x00,0x00},
    {0x00,0x00,0x00,0x20,0x00,0x20,0x00,0x20,0x1f,0xfe,0x00,0x20,0x00,0x60,0x00,0xa0,0x00,0xa0,0x01,0x20,0x02,0x20,0x04,0x20,0x18,0x20,0x00,0x20,0x00,0xe0,0x00,0x00},
    {0x00,0x00,0x01,0x00,0x01,0x00,0x01,0x00,0x3f,0xf8,0x01,0x08,0x01,0x08,0x01,0x08,0x01,0x08,0x02,0x08,0x02,0x08,0x04,0x08,0x08,0x08,0x10,0x10,0x20,0x60,0x00,0x00},
    {0x00,0x00,0x01,0x02,0x01,0x09,0x01,0x05,0x3f,0xfc,0x01,0x08,0x01,0x08,0x01,0x08,0x01,0x08,0x02,0x08,0x02,0x08,0x04,0x08,0x08,0x08,0x10,0x10,0x20,0x60,0x00,0x00},
    {0x00,0x00,0x01,0x00,0x01,0x00,0x01,0x18,0x01,0xe0,0x1e,0x80,0x00,0x80,0x00,0x8e,0x00,0xf0,0x03,0x40,0x3c,0x40,0x00,0x40,0x00,0x40,0x00,0x20,0x00,0x20,0x00,0x20},
    {0x00,0x00,0x01,0x04,0x01,0x12,0x01,0x1a,0x01,0xe8,0x1e,0x80,0x00,0x80,0x00,0x8e,0x00,0xf0,0x03,0x40,0x3c,0x40,0x00,0x40,0x00,0x40,0x00,0x20,0x00,0x20,0x00,0x20},
    {0x00,0x00,0x00,0x80,0x00,0x80,0x01,0xfc,0x01,0x04,0x02,0x08,0x04,0x08,0x08,0x10,0x10,0x10,0x00,0x20,0x00,0x40,0x00,0x80,0x01,0x00,0x06,0x00,0x18,0x00,0x00,0x00},
    {0x00,0x02,0x01,0x09,0x01,0x05,0x03,0xf4,0x02,0x10,0x04,0x10,0x08,0x20,0x10,0x20,0x20,0x40,0x00,0x40,0x00,0x80,0x01,0x00,0x02,0x00,0x0c,0x00,0x30,0x00,0x00,0x00},
    {0x00,0x00,0x04,0x00,0x04,0x00,0x04,0x00,0x07,0xfe,0x04,0x20,0x08,0x20,0x08,0x20,0x10,0x20,0x20,0x20,0x00,0x40,0x00,0x40,0x00,0x80,0x01,0x00,0x06,0x00,0x00,0x00},
    {0x00,0x00,0x04,0x02,0x04,0x09,0x04,0x05,0x07,0xfc,0x04,0x20,0x08,0x20,0x08,0x20,0x10,0x20,0x20,0x20,0x00,0x40,0x00,0x40,0x00,0x80,0x01,0x00,0x06,0x00,0x00,0x00},
    {0x00,0x00,0x00,0x00,0x00,0x00,0x3f,0xf8,0x00,0x08,0x00,0x08,0x00,0x08,0x00,0x08,0x00,0x08,0x00,0x08,0x00,0x08,0x00,0x08,0x3f,0xf8,0x00,0x08,0x00,0x00,0x00,0x00},
    {0x00,0x02,0x00,0x09,0x00,0x05,0x3f,0xfc,0x00,0x08,0x00,0x08,0x00,0x08,0x00,0x08,0x00,0x08,0x00,0x08,0x00,0x08,0x00,0x08,0x3f,0xf8,0x00,0x08,0x00,0x00,0x00,0x00},
    {0x00,0x00,0x04,0x10,0x04,0x10,0x04,0x10,0x04,0x10,0x7f,0xfe,0x04,0x10,0x04,0x10,0x04,0x10,0x04,0x10,0x04,0x20,0x00,0x20,0x00,0x40,0x00,0x80,0x03,0x00,0x00,0x00},
    {0x00,0x02,0x04,0x19,0x04,0x15,0x04,0x14,0x04,0x10,0x7f,0xfe,0x04,0x10,0x04,0x10,0x04,0x10,0x04,0x10,0x04,0x20,0x00,0x20,0x00,0x40,0x00,0x80,0x03,0x00,0x00,0x00},
    {0x00,0x00,0x00,0x00,0x0c,0x00,0x02,0x00,0x00,0x00,0x00,0x02,0x18,0x02,0x04,0x04,0x00,0x04,0x00,0x08,0x00,0x10,0x00,0x20,0x00,0xc0,0x03,0x00,0x1c,0x00,0x00,0x00},
    {0x00,0x00,0x00,0x04,0x0c,0x12,0x02,0x0a,0x00,0x08,0x00,0x02,0x18,0x02,0x04,0x04,0x00,0x04,0x00,0x08,0x00,0x10,0x00,0x20,0x00,0xc0,0x03,0x00,0x1c,0x00,0x00,0x00},
    {0x00,0x00,0x00,0x00,0x00,0x00,0x1f,0xe0,0x00,0x20,0x00,0x20,0x00,0x40,0x00,0x40,0x00,0x80,0x00,0xc0,0x01,0x20,0x02,0x10,0x04,0x08,0x18,0x04,0x60,0x04,0x00,0x00},
    {0x00,0x00,0x00,0x04,0x00,0x12,0x1f,0xea,0x00,0x28,0x00,0x20,0x00,0x40,0x00,0x40,0x00,0x80,0x00,0xc0,0x01,0x20,0x02,0x10,0x04,0x08,0x18,0x04,0x60,0x04,0x00,0x00},
    {0x00,0x00,0x02,0x00,0x02,0x00,0x02,0x00,0x02,0x1e,0x03,0xe2,0x3e,0x04,0x02,0x08,0x02,0x10,0x02,0x20,0x02,0x00,0x02,0x00,0x01,0x00,0x00,0xfc,0x00,0x00,0x00,0x00},
    {0x00,0x02,0x02,0x09,0x02,0x05,0x02,0x04,0x02,0x1e,0x03,0xe2,0x3e,0x04,0x02,0x08,0x02,0x10,0x02,0x20,0x02,0x00,0x02,0x00,0x01,0x00,0x00,0xfc,0x00,0x00,0x00,0x00},
    {0x00,0x00,0x00,0x00,0x00,0x04,0x10,0x04,0x08,0x04,0x04,0x04,0x04,0x08,0x04,0x08,0x00,0x10,0x00,0x10,0x00,0x20,0x00,0x40,0x00,0x80,0x03,0x00,0x0c,0x00,0x00,0x00},
    {0x00,0x00,0x00,0x04,0x00,0x12,0x20,0x0a,0x10,0x08,0x08,0x08,0x08,0x10,0x08,0x10,0x00,0x20,0x00,0x20,0x00,0x40,0x00,0x80,0x01,0x00,0x06,0x00,0x18,0x00,0x00,0x00},
    {0x00,0x00,0x01,0x00,0x01,0x00,0x01,0xfc,0x02,0x04,0x04,0x08,0x08,0x08,0x33,0x10,0x00,0xd0,0x00,0x20,0x00,0x40,0x00,0x80,0x01,0x00,0x06,0x00,0x38,0x00,0x00,0x00},
    {0x00,0x02,0x01,0x09,0x01,0x05,0x01,0xfc,0x02,0x04,0x04,0x08,0x08,0x08,0x33,0x10,0x00,0xd0,0x00,0x20,0x00,0x40,0x00,0x80,0x01,0x00,0x06,0x00,0x38,0x00,0x00,0x00},
    {0x00,0x00,0x00,0x10,0x00,0xe0,0x1f,0x80,0x00,0x80,0x00,0x80,0x00,0x80,0x7f,0xfc,0x00,0x80,0x00,0x80,0x00,0x80,0x01,0x00,0x01,0x00,0x02,0x00,0x0c,0x00,0x00,0x00},
    {0x00,0x04,0x00,0x12,0x00,0xea,0x1f,0x88,0x00,0x80,0x00,0x80,0x00,0x80,0x7f,0xfc,0x00,0x80,0x00,0x80,0x00,0x80,0x01,0x00,0x01,0x00,0x02,0x00,0x0c,0x00,0x00,0x00},
    {0x00,0x00,0x00,0x00,0x00,0x00,0x00,0x00,0x00,0x00,0x00,0x00,0x02,0x00,0x11,0x10,0x09,0x10,0x08,0x10,0x00,0x20,0x00,0x20,0x00,0x40,0x00,0x80,0x03,0x00,0x00,0x00},
    {0x00,0x00,0x00,0x00,0x02,0x00,0x21,0x04,0x11,0x04,0x11,0x04,0x10,0x08,0x00,0x08,0x00,0x10,0x00,0x10,0x00,0x20,0x00,0x40,0x00,0x80,0x03,0x00,0x0c,0x00,0x00,0x00},
    {0x00,0x02,0x00,0x09,0x02,0x05,0x21,0x04,0x11,0x08,0x11,0x08,0x10,0x08,0x00,0x10,0x00,0x10,0x00,0x20,0x00,0x20,0x00,0x40,0x00,0x80,0x03,0x00,0x0c,0x00,0x00,0x00},
    {0x00,0x00,0x00,0x00,0x00,0x00,0x0f,0xf8,0x00,0x00,0x00,0x00,0x00,0x00,0x3f,0xfe,0x00,0x40,0x00,0x40,0x00,0x40,0x00,0x80,0x00,0x80,0x01,0x00,0x06,0x00,0x00,0x00},
    {0x00,0x00,0x00,0x04,0x00,0x12,0x0f,0xea,0x00,0x08,0x00,0x00,0x00,0x00,0x3f,0xfe,0x00,0x40,0x00,0x40,0x00,0x40,0x00,0x80,0x00,0x80,0x01,0x00,0x06,0x00,0x00,0x00},
    {0x00,0x00,0x02,0x00,0x02,0x00,0x02,0x00,0x02,0x00,0x02,0x00,0x02,0x00,0x03,0x80,0x02,0x60,0x02,0x10,0x02,0x08,0x02,0x00,0x02,0x00,0x02,0x00,0x02,0x00,0x02,0x00},
    {0x00,0x00,0x02,0x04,0x02,0x12,0x02,0x0a,0x02,0x08,0x02,0x00,0x02,0x00,0x03,0x80,0x02,0x60,0x02,0x10,0x02,0x08,0x02,0x00,0x02,0x00,0x02,0x00,0x02,0x00,0x02,0x00},
    {0x00,0x00,0x00,0x40,0x00,0x40,0x00,0x40,0x00,0x40,0x3f,0xfe,0x00,0x40,0x00,0x40,0x00,0x40,0x00,0x40,0x00,0x40,0x00,0x80,0x00,0x80,0x03,0x00,0x0c,0x00,0x00,0x00},
    {0x00,0x00,0x00,0x00,0x00,0x00,0x00,0x00,0x1f,0xf8,0x00,0x00,0x00,0x00,0x00,0x00,0x00,0x00,0x00,0x00,0x00,0x00,0x7f,0xfe,0x00,0x00,0x00,0x00,0x00,0x00,0x00,0x00},
    {0x00,0x00,0x00,0x00,0x00,0x00,0x0f,0xf8,0x00,0x08,0x00,0x10,0x00,0x10,0x06,0x20,0x01,0xa0,0x00,0x40,0x00,0xa0,0x01,0x10,0x02,0x08,0x0c,0x04,0x30,0x00,0x00,0x00},
    {0x00,0x80,0x00,0x80,0x00,0x80,0x1f,0xf8,0x00,0x08,0x00,0x10,0x00,0x20,0x00,0x40,0x01,0xb0,0x06,0x8c,0x38,0x82,0x00,0x80,0x00,0x80,0x00,0x80,0x00,0x80,0x00,0x00},
    {0x00,0x00,0x00,0x08,0x00,0x08,0x00,0x08,0x00,0x08,0x00,0x10,0x00,0x10,0x00,0x20,0x00,0x20,0x00,0x40,0x00,0x80,0x01,0x00,0x02,0x00,0x0c,0x00,0x30,0x00,0x00,0x00},
    {0x00,0x00,0x00,0x00,0x00,0x00,0x04,0x40,0x04,0x20,0x04,0x10,0x04,0x10,0x08,0x08,0x08,0x08,0x08,0x04,0x10,0x04,0x10,0x02,0x20,0x02,0x40,0x02,0x00,0x00,0x00,0x00},
    {0x00,0x00,0x00,0x04,0x00,0x12,0x04,0x4a,0x04,0x28,0x04,0x10,0x04,0x10,0x08,0x08,0x08,0x08,0x08,0x04,0x10,0x04,0x10,0x02,0x20,0x02,0x40,0x02,0x00,0x00,0x00,0x00},
    {0x00,0x0c,0x00,0x12,0x00,0x12,0x04,0x4c,0x04,0x20,0x04,0x10,0x04,0x10,0x08,0x08,0x08,0x08,0x08,0x04,0x10,0x04,0x10,0x02,0x20,0x02,0x40,0x02,0x00,0x00,0x00,0x00},
    {0x00,0x00,0x10,0x00,0x10,0x00,0x10,0x00,0x10,0x00,0x10,0x30,0x11,0xc0,0x1e,0x00,0x10,0x00,0x10,0x00,0x10,0x00,0x10,0x00,0x08,0x00,0x07,0xf8,0x00,0x00,0x00,0x00},
    {0x00,0x00,0x10,0x04,0x10,0x12,0x10,0x0a,0x10,0x08,0x10,0x30,0x11,0xc0,0x1e,0x00,0x10,0x00,0x10,0x00,0x10,0x00,0x10,0x00,0x08,0x00,0x07,0xf8,0x00,0x00,0x00,0x00},
    {0x00,0x00,0x20,0x0c,0x20,0x12,0x20,0x12,0x20,0x0c,0x20,0x60,0x23,0x80,0x3c,0x00,0x20,0x00,0x20,0x00,0x20,0x00,0x20,0x00,0x10,0x00,0x0f,0xf0,0x00,0x00,0x00,0x00},
    {0x00,0x00,0x00,0x00,0x00,0x00,0x3f,0xfc,0x00,0x04,0x00,0x04,0x00,0x08,0x00,0x08,0x00,0x10,0x00,0x10,0x00,0x20,0x00,0x40,0x00,0x80,0x03,0x00,0x0c,0x00,0x00,0x00},
    {0x00,0x04,0x00,0x12,0x00,0x0a,0x3f,0xf8,0x00,0x08,0x00,0x08,0x00,0x10,0x00,0x10,0x00,0x20,0x00,0x20,0x00,0x40,0x00,0x80,0x01,0x00,0x06,0x00,0x18,0x00,0x00,0x00},
    {0x00,0x00,0x00,0x06,0x00,0x09,0x3f,0xf9,0x00,0x0e,0x00,0x08,0x00,0x10,0x00,0x10,0x00,0x20,0x00,0x20,0x00,0x40,0x00,0x80,0x01,0x00,0x06,0x00,0x18,0x00,0x00,0x00},
    {0x00,0x00,0x00,0x00,0x00,0x00,0x00,0x00,0x03,0x00,0x04,0x80,0x08,0x40,0x10,0x20,0x20,0x10,0x40,0x08,0x00,0x04,0x00,0x02,0x00,0x00,0x00,0x00,0x00,0x00,0x00,0x00},
    {0x00,0x00,0x00,0x00,0x00,0x04,0x00,0x12,0x03,0x0a,0x04,0x88,0x08,0x40,0x10,0x20,0x20,0x10,0x40,0x08,0x00,0x04,0x00,0x02,0x00,0x00,0x00,0x00,0x00,0x00,0x00,0x00},
    {0x00,0x00,0x00,0x18,0x00,0x24,0x00,0x24,0x03,0x18,0x04,0x80,0x08,0x40,0x10,0x20,0x20,0x10,0x40,0x08,0x00,0x04,0x00,0x02,0x00,0x00,0x00,0x00,0x00,0x00,0x00,0x00},
    {0x00,0x00,0x00,0x80,0x00,0x80,0x00,0x80,0x3f,0xfe,0x00,0x80,0x00,0x80,0x04,0x90,0x04,0x88,0x04,0x84,0x08,0x84,0x08,0x82,0x10,0x82,0x20,0x80,0x01,0x80,0x00,0x00},
    {0x00,0x00,0x00,0x82,0x00,0x89,0x00,0x85,0x3f,0xfc,0x00,0x80,0x00,0x80,0x04,0x90,0x04,0x88,0x04,0x84,0x08,0x84,0x08,0x82,0x10,0x82,0x20,0x80,0x01,0x80,0x00,0x00},
    {0x00,0x00,0x00,0x86,0x00,0x89,0x00,0x89,0x3f,0xfe,0x00,0x80,0x00,0x80,0x04,0x90,0x04,0x88,0x04,0x84,0x08,0x84,0x08,0x82,0x10,0x82,0x20,0x80,0x01,0x80,0x00,0x00},
    {0x00,0x00,0x00,0x00,0x00,0x00,0x3f,0xfe,0x00,0x04,0x00,0x04,0x00,0x08,0x00,0x10,0x0c,0x20,0x03,0x40,0x00,0x80,0x00,0x40,0x00,0x20,0x00,0x20,0x00,0x00,0x00,0x00},
    {0x00,0x00,0x06,0x00,0x01,0x80,0x00,0x60,0x00,0x10,0x00,0x00,0x06,0x00,0x01,0x80,0x00,0x40,0x00,0x20,0x10,0x00,0x0c,0x00,0x03,0x00,0x00,0xc0,0x00,0x20,0x00,0x10},
    {0x00,0x00,0x01,0x00,0x01,0x00,0x01,0x00,0x01,0x00,0x01,0x00,0x02,0x00,0x02,0x20,0x02,0x10,0x04,0x10,0x04,0x08,0x09,0xf8,0x3e,0x04,0x00,0x04,0x00,0x04,0x00,0x00},
    {0x00,0x00,0x00,0x08,0x00,0x08,0x00,0x08,0x00,0x08,0x06,0x10,0x01,0x90,0x00,0x50,0x00,0x20,0x00,0x30,0x00,0x48,0x00,0x84,0x01,0x00,0x06,0x00,0x18,0x00,0x00,0x00},
    {0x00,0x00,0x00,0x00,0x1f,0xf0,0x02,0x00,0x02,0x00,0x02,0x00,0x02,0x00,0x7f,0xfc,0x02,0x00,0x02,0x00,0x02,0x00,0x02,0x00,0x01,0x00,0x00,0xf8,0x00,0x00,0x00,0x00},
    {0x00,0x00,0x00,0x00,0x00,0x00,0x00,0x00,0x00,0x00,0x02,0x00,0x02,0x00,0x01,0x38,0x01,0xc8,0x07,0x10,0x19,0x20,0x00,0x80,0x00,0x80,0x00,0x40,0x00,0x40,0x00,0x40},
    {0x00,0x00,0x04,0x00,0x04,0x00,0x02,0x0e,0x02,0x72,0x07,0x84,0x3a,0x08,0x01,0x10,0x01,0x20,0x00,0x80,0x00,0x80,0x00,0x80,0x00,0x40,0x00,0x40,0x00,0x40,0x00,0x00},
    {0x00,0x00,0x00,0x00,0x00,0x00,0x00,0x00,0x00,0x00,0x00,0x00,0x00,0x00,0x00,0x00,0x0f,0xc0,0x00,0x40,0x00,0x40,0x00,0x40,0x00,0x40,0x3f,0xf8,0x00,0x00,0x00,0x00},
    {0x00,0x00,0x00,0x00,0x00,0x00,0x00,0x00,0x1f,0xe0,0x00,0x20,0x00,0x20,0x00,0x20,0x00,0x20,0x00,0x20,0x00,0x20,0x00,0x20,0x7f,0xfe,0x00,0x00,0x00,0x00,0x00,0x00},
    {0x00,0x00,0x00,0x00,0x00,0x00,0x00,0x00,0x00,0x00,0x00,0x00,0x07,0xf0,0x00,0x10,0x00,0x10,0x00,0x10,0x07,0xf0,0x00,0x10,0x00,0x10,0x00,0x10,0x07,0xf0,0x00,0x00},
    {0x00,0x00,0x00,0x00,0x1f,0xf8,0x00,0x08,0x00,0x08,0x00,0x08,0x00,0x08,0x1f,0xf8,0x00,0x08,0x00,0x08,0x00,0x08,0x00,0x08,0x00,0x08,0x1f,0xf8,0x00,0x08,0x00,0x00},
    {0x00,0x00,0x00,0x00,0x1f,0xf8,0x00,0x00,0x00,0x00,0x00,0x00,0x3f,0xfc,0x00,0x04,0x00,0x04,0x00,0x08,0x00,0x08,0x00,0x10,0x00,0x60,0x01,0x80,0x0e,0x00,0x00,0x00},
    {0x00,0x00,0x08,0x10,0x08,0x10,0x08,0x10,0x08,0x10,0x08,0x10,0x08,0x10,0x08,0x10,0x08,0x10,0x00,0x10,0x00,0x20,0x00,0x20,0x00,0x40,0x00,0x80,0x03,0x00,0x00,0x00},
    {0x00,0x00,0x00,0x40,0x00,0x40,0x04,0x40,0x04,0x40,0x04,0x40,0x04,0x41,0x04,0x41,0x04,0x42,0x04,0x42,0x04,0x44,0x08,0x48,0x08,0x50,0x10,0x60,0x20,0x00,0x00,0x00},
    {0x00,0x00,0x04,0x00,0x04,0x00,0x04,0x00,0x04,0x00,0x04,0x00,0x04,0x00,0x04,0x00,0x04,0x04,0x04,0x04,0x04,0x08,0x04,0x10,0x04,0x20,0x04,0xc0,0x07,0x00,0x00,0x00},
    {0x00,0x00,0x00,0x00,0x00,0x00,0x1f,0xfc,0x10,0x04,0x10,0x04,0x10,0x04,0x10,0x04,0x10,0x04,0x10,0x04,0x10,0x04,0x10,0x04,0x1f,0xfc,0x10,0x04,0x00,0x00,0x00,0x00},
    {0x00,0x00,0x00,0x00,0x00,0x00,0x00,0x00,0x00,0x00,0x00,0x00,0x0f,0xf8,0x08,0x08,0x08,0x08,0x08,0x08,0x00,0x10,0x00,0x10,0x00,0x20,0x00,0x40,0x01,0x80,0x00,0x00},
    {0x00,0x00,0x00,0x00,0x00,0x00,0x3f,0xf8,0x20,0x08,0x20,0x08,0x20,0x08,0x20,0x08,0x00,0x08,0x00,0x10,0x00,0x10,0x00,0x20,0x00,0x40,0x01,0x80,0x06,0x00,0x00,0x00},
    {0x00,0x00,0x00,0x40,0x00,0x40,0x00,0x40,0x3f,0xfc,0x08,0x40,0x08,0x40,0x08,0x40,0x08,0x40,0x08,0x40,0x7f,0xfe,0x00,0x40,0x00,0x40,0x00,0x40,0x00,0x40,0x00,0x00},
    {0x00,0x00,0x00,0x00,0x00,0x00,0x1f,0xf8,0x00,0x10,0x00,0x20,0x01,0x40,0x01,0x00,0x01,0x00,0x01,0x00,0x01,0x00,0x01,0x00,0x7f,0xfc,0x00,0x00,0x00,0x00,0x00,0x00},
    {0x00,0x00,0x00,0x00,0x0f,0xfc,0x00,0x04,0x00,0x04,0x00,0x04,0x07,0xfc,0x00,0x08,0x00,0x08,0x00,0x10,0x00,0x20,0x00,0x40,0x01,0x80,0x0e,0x00,0x00,0x00,0x00,0x00},
    {0x00,0x00,0x00,0x00,0x00,0x00,0x18,0x00,0x04,0x00,0x02,0x02,0x00,0x02,0x00,0x04,0x00,0x04,0x00,0x08,0x00,0x10,0x00,0x20,0x00,0xc0,0x03,0x00,0x1c,0x00,0x00,0x00},
    {0x00,0x80,0x00,0x82,0x00,0x89,0x00,0x85,0x1f,0xfc,0x10,0x04,0x10,0x04,0x10,0x04,0x10,0x04,0x00,0x08,0x00,0x08,0x00,0x10,0x00,0x20,0x00,0xc0,0x03,0x00,0x00,0x00},
    {0x00,0x00,0x00,0x00,0x00,0x00,0x00,0x00,0x01,0x00,0x01,0x00,0x01,0x00,0x1f,0xf0,0x01,0x10,0x01,0x10,0x01,0x10,0x02,0x10,0x02,0x10,0x04,0x10,0x08,0x60,0x00,0x00},
    {0x00,0x00,0x00,0x00,0x00,0x00,0x00,0x00,0x02,0x00,0x02,0x00,0x02,0x00,0x07,0xfc,0x04,0x20,0x08,0x20,0x10,0x40,0x00,0x40,0x00,0x80,0x01,0x00,0x06,0x00,0x00,0x00},
    {0x00,0x00,0x00,0x80,0x00,0x80,0x01,0x40,0x01,0x40,0x02,0x20,0x02,0x20,0x04,0x10,0x07,0xf0,0x04,0x10,0x08,0x08,0x08,0x08,0x10,0x04,0x38,0x0e,0x00,0x00,0x00,0x00},
    {0x00,0x00,0x3f,0xe0,0x08,0x10,0x08,0x08,0x08,0x08,0x08,0x10,0x0f,0xe0,0x08,0x10,0x08,0x08,0x08,0x04,0x08,0x04,0x08,0x08,0x08,0x30,0x3f,0xc0,0x00,0x00,0x00,0x00},
    {0x00,0x00,0x1f,0xf8,0x04,0x08,0x04,0x04,0x04,0x00,0x04,0x00,0x04,0x00,0x04,0x00,0x04,0x00,0x04,0x00,0x04,0x00,0x04,0x00,0x04,0x00,0x0e,0x00,0x00,0x00,0x00,0x00},
    {0x00,0x00,0x01,0x00,0x01,0x00,0x02,0x80,0x02,0x80,0x04,0x40,0x04,0x40,0x08,0x20,0x08,0x20,0x08,0x10,0x10,0x10,0x10,0x10,0x20,0x08,0x7f,0xfc,0x00,0x00,0x00,0x00},
    {0x00,0x00,0x3f,0xf8,0x08,0x08,0x08,0x04,0x08,0x00,0x08,0x00,0x08,0x40,0x0f,0xc0,0x08,0x40,0x08,0x00,0x08,0x00,0x08,0x04,0x08,0x08,0x3f,0xf8,0x00,0x00,0x00,0x00},
    {0x00,0x00,0x0f,0xf8,0x08,0x10,0x10,0x20,0x00,0x40,0x00,0x40,0x00,0x80,0x01,0x00,0x01,0x00,0x02,0x00,0x04,0x00,0x04,0x08,0x08,0x08,0x1f,0xf8,0x00,0x00,0x00,0x00},
    {0x00,0x00,0x38,0x1c,0x10,0x08,0x10,0x08,0x10,0x08,0x10,0x08,0x10,0x08,0x1f,0xf8,0x10,0x08,0x10,0x08,0x10,0x08,0x10,0x08,0x10,0x08,0x38,0x1c,0x00,0x00,0x00,0x00},
    {0x00,0x00,0x03,0xc0,0x0c,0x30,0x18,0x18,0x10,0x08,0x20,0x04,0x24,0x24,0x27,0xe4,0x24,0x24,0x20,0x04,0x10,0x08,0x18,0x18,0x0c,0x30,0x03,0xc0,0x00,0x00,0x00,0x00},
    {0x00,0x00,0x03,0x80,0x01,0x00,0x01,0x00,0x01,0x00,0x01,0x00,0x01,0x00,0x01,0x00,0x01,0x00,0x01,0x00,0x01,0x00,0x01,0x00,0x01,0x00,0x03,0x80,0x00,0x00,0x00,0x00},
    {0x00,0x00,0x1c,0x1c,0x08,0x10,0x08,0x20,0x08,0x40,0x08,0x80,0x09,0x00,0x0b,0x00,0x0c,0x80,0x08,0x40,0x08,0x20,0x08,0x10,0x08,0x08,0x1c,0x0e,0x00,0x00,0x00,0x00},
    {0x00,0x00,0x00,0x80,0x00,0x80,0x01,0x40,0x01,0x40,0x02,0x20,0x02,0x20,0x04,0x10,0x04,0x10,0x04,0x10,0x08,0x08,0x08,0x08,0x10,0x04,0x38,0x0e,0x00,0x00,0x00,0x00},
    {0x00,0x00,0x60,0x0c,0x20,0x08,0x30,0x18,0x30,0x18,0x28,0x28,0x28,0x28,0x24,0x48,0x24,0x48,0x24,0x48,0x22,0x88,0x22,0x88,0x21,0x08,0x71,0x1c,0x00,0x00,0x00,0x00},
    {0x00,0x00,0x38,0x1c,0x18,0x08,0x14,0x08,0x14,0x08,0x12,0x08,0x11,0x08,0x11,0x08,0x10,0x88,0x10,0x48,0x10,0x48,0x10,0x28,0x10,0x18,0x38,0x08,0x00,0x00,0x00,0x00},
    {0x00,0x00,0x3f,0xfc,0x20,0x04,0x00,0x00,0x00,0x00,0x00,0x00,0x10,0x08,0x1f,0xf8,0x10,0x08,0x00,0x00,0x00,0x00,0x00,0x00,0x20,0x04,0x3f,0xfc,0x00,0x00,0x00,0x00},
    {0x00,0x00,0x03,0xc0,0x0c,0x30,0x18,0x18,0x10,0x08,0x20,0x04,0x20,0x04,0x20,0x04,0x20,0x04,0x20,0x04,0x10,0x08,0x18,0x18,0x0c,0x30,0x03,0xc0,0x00,0x00,0x00,0x00},
    {0x00,0x00,0x1f,0xf8,0x08,0x10,0x08,0x10,0x08,0x10,0x08,0x10,0x08,0x10,0x08,0x10,0x08,0x10,0x08,0x10,0x08,0x10,0x08,0x10,0x08,0x10,0x1c,0x38,0x00,0x00,0x00,0x00},
    {0x00,0x00,0x1f,0xe0,0x04,0x18,0x04,0x04,0x04,0x04,0x04,0x04,0x04,0x18,0x07,0xe0,0x04,0x00,0x04,0x00,0x04,0x00,0x04,0x00,0x04,0x00,0x0e,0x00,0x00,0x00,0x00,0x00},
    {0x00,0x00,0x1f,0xf0,0x08,0x10,0x04,0x08,0x02,0x00,0x01,0x00,0x00,0x80,0x00,0xc0,0x00,0x80,0x01,0x00,0x02,0x00,0x04,0x08,0x08,0x08,0x1f,0xf8,0x00,0x00,0x00,0x00},
    {0x00,0x00,0x3f,0xf8,0x21,0x08,0x41,0x04,0x01,0x00,0x01,0x00,0x01,0x00,0x01,0x00,0x01,0x00,0x01,0x00,0x01,0x00,0x01,0x00,0x01,0x00,0x03,0x80,0x00,0x00,0x00,0x00},
    {0x00,0x00,0x0e,0x38,0x11,0x44,0x20,0x82,0x00,0x80,0x00,0x80,0x00,0x80,0x00,0x80,0x00,0x80,0x00,0x80,0x00,0x80,0x00,0x80,0x00,0x80,0x01,0xc0,0x00,0x00,0x00,0x00},
    {0x00,0x00,0x01,0xc0,0x00,0x80,0x03,0xe0,0x0c,0x98,0x08,0x88,0x10,0x84,0x10,0x84,0x10,0x84,0x08,0x88,0x0c,0x98,0x03,0xe0,0x00,0x80,0x01,0xc0,0x00,0x00,0x00,0x00},
    {0x00,0x00,0x38,0x38,0x10,0x10,0x08,0x20,0x04,0x40,0x04,0x40,0x02,0x80,0x01,0x00,0x02,0x80,0x04,0x40,0x04,0x40,0x08,0x20,0x10,0x10,0x38,0x38,0x00,0x00,0x00,0x00},
    {0x00,0x00,0x03,0x80,0x61,0x0c,0x91,0x12,0x11,0x10,0x11,0x10,0x11,0x10,0x11,0x10,0x19,0x30,0x09,0x20,0x07,0xc0,0x01,0x00,0x01,0x00,0x03,0x80,0x00,0x00,0x00,0x00},
    {0x00,0x00,0x01,0xc0,0x06,0x30,0x0c,0x18,0x08,0x08,0x10,0x04,0x10,0x04,0x10,0x04,0x08,0x08,0x0c,0x18,0x06,0x30,0x11,0x44,0x11,0x44,0x1f,0x7c,0x00,0x00,0x00,0x00},
    {0x00,0x00,0x00,0x00,0x00,0x00,0x00,0x00,0x00,0x00,0x00,0x08,0x03,0x88,0x04,0x50,0x08,0x50,0x08,0x60,0x10,0x40,0x10,0xc0,0x11,0x48,0x0e,0x30,0x00,0x00,0x00,0x00},
    {0x00,0x00,0x00,0x70,0x00,0x88,0x01,0x08,0x01,0x08,0x02,0x08,0x02,0x10,0x04,0xe0,0x04,0x20,0x04,0x10,0x08,0x10,0x08,0x10,0x0a,0x20,0x09,0xc0,0x10,0x00,0x10,0x00},
    {0x00,0x00,0x00,0x00,0x00,0x00,0x00,0x00,0x00,0x00,0x00,0x00,0x0e,0x18,0x11,0x20,0x21,0x40,0x01,0x80,0x01,0x80,0x01,0x00,0x02,0x00,0x02,0x00,0x04,0x00,0x04,0x00},
    {0x00,0x00,0x01,0x80,0x02,0x60,0x02,0x10,0x01,0x08,0x00,0x80,0x03,0x40,0x04,0x40,0x08,0x20,0x10,0x20,0x10,0x40,0x10,0x40,0x08,0x80,0x07,0x00,0x00,0x00,0x00,0x00},
    {0x00,0x00,0x00,0x00,0x00,0x00,0x00,0x00,0x00,0x00,0x00,0x00,0x01,0xe0,0x02,0x10,0x02,0x00,0x01,0xc0,0x02,0x00,0x04,0x00,0x04,0x20,0x03,0xc0,0x00,0x00,0x00,0x00},
    {0x02,0x00,0x04,0x10,0x04,0x20,0x03,0xc0,0x00,0x80,0x01,0x00,0x02,0x00,0x04,0x00,0x08,0x00,0x08,0x00,0x04,0x00,0x03,0x00,0x00,0x80,0x00,0x40,0x00,0x40,0x01,0x80},
    {0x00,0x00,0x00,0x00,0x00,0x00,0x00,0x00,0x00,0x00,0x00,0x00,0x0c,0xe0,0x13,0x10,0x02,0x10,0x04,0x10,0x04,0x10,0x04,0x20,0x08,0x20,0x08,0x20,0x00,0x40,0x00,0x40},
    {0x00,0x00,0x00,0x60,0x00,0x90,0x01,0x08,0x02,0x08,0x02,0x08,0x07,0xf8,0x04,0x10,0x08,0x10,0x08,0x20,0x08,0x20,0x08,0x40,0x04,0x80,0x03,0x00,0x00,0x00,0x00,0x00},
    {0x00,0x00,0x00,0x00,0x00,0x00,0x00,0x00,0x00,0x00,0x00,0x00,0x02,0x00,0x02,0x00,0x04,0x00,0x04,0x00,0x08,0x00,0x08,0x20,0x08,0xc0,0x07,0x00,0x00,0x00,0x00,0x00},
    {0x00,0x00,0x00,0x00,0x00,0x00,0x00,0x00,0x00,0x00,0x00,0x00,0x04,0x30,0x04,0x48,0x05,0x80,0x06,0x00,0x09,0x00,0x09,0x00,0x11,0x10,0x10,0xe0,0x00,0x00,0x00,0x00},
    {0x00,0x00,0x00,0x80,0x00,0x40,0x00,0x40,0x00,0x40,0x00,0x40,0x00,0x40,0x00,0xc0,0x01,0x40,0x01,0x40,0x02,0x20,0x04,0x20,0x08,0x10,0x10,0x08,0x00,0x00,0x00,0x00},
    {0x00,0x00,0x00,0x00,0x00,0x00,0x00,0x00,0x00,0x00,0x00,0x00,0x04,0x20,0x04,0x20,0x04,0x20,0x04,0x40,0x08,0x40,0x08,0x40,0x0c,0xc8,0x13,0x30,0x10,0x00,0x20,0x00},
    {0x00,0x00,0x00,0x00,0x00,0x00,0x00,0x00,0x00,0x00,0x00,0x00,0x18,0x10,0x04,0x10,0x04,0x20,0x04,0x20,0x04,0x40,0x08,0x80,0x0b,0x00,0x1c,0x00,0x00,0x00,0x00,0x00},
    {0x00,0x10,0x00,0xe0,0x01,0x00,0x00,0x80,0x03,0xe0,0x04,0x00,0x04,0x00,0x02,0x00,0x0f,0xc0,0x10,0x00,0x10,0x00,0x0e,0x00,0x01,0x80,0x00,0x40,0x00,0x40,0x0f,0x80},
    {0x00,0x00,0x00,0x00,0x00,0x00,0x00,0x00,0x00,0x00,0x00,0x00,0x01,0xc0,0x02,0x20,0x04,0x10,0x08,0x10,0x08,0x10,0x08,0x20,0x04,0x40,0x03,0x80,0x00,0x00,0x00,0x00},
    {0x00,0x00,0x00,0x00,0x00,0x00,0x00,0x00,0x00,0x00,0x00,0x08,0x0f,0xf0,0x12,0x40,0x02,0x40,0x02,0x40,0x04,0x80,0x04,0x80,0x08,0x90,0x10,0x60,0x00,0x00,0x00,0x00},
    {0x00,0x00,0x00,0x00,0x00,0x00,0x00,0x00,0x00,0x00,0x00,0x00,0x01,0xc0,0x02,0x20,0x04,0x10,0x04,0x10,0x04,0x10,0x08,0x10,0x0a,0x20,0x09,0xc0,0x10,0x00,0x10,0x00},
    {0x00,0x00,0x00,0x00,0x00,0x00,0x00,0x00,0x00,0x00,0x00,0x08,0x00,0xf0,0x01,0x20,0x02,0x10,0x04,0x10,0x04,0x10,0x04,0x20,0x02,0x40,0x01,0x80,0x00,0x00,0x00,0x00},
    {0x00,0x00,0x00,0x00,0x00,0x00,0x00,0x00,0x00,0x00,0x00,0x08,0x0f,0xf0,0x11,0x00,0x01,0x00,0x02,0x00,0x02,0x00,0x04,0x20,0x04,0x40,0x03,0x80,0x00,0x00,0x00,0x00},
    {0x00,0x00,0x00,0x00,0x00,0x00,0x00,0x00,0x00,0x00,0x00,0x00,0x01,0x10,0x01,0x08,0x01,0x08,0x01,0x10,0x02,0x10,0x02,0x20,0x02,0x40,0x01,0x80,0x00,0x00,0x00,0x00},
    {0x00,0x00,0x00,0x20,0x00,0x20,0x00,0x20,0x00,0x40,0x00,0x40,0x01,0xe0,0x06,0x90,0x08,0x90,0x08,0x90,0x09,0x10,0x09,0x60,0x07,0x80,0x02,0x00,0x02,0x00,0x02,0x00},
    {0x00,0x00,0x00,0x00,0x00,0x00,0x00,0x00,0x00,0x00,0x00,0x00,0x06,0x10,0x09,0x20,0x01,0x40,0x01,0x80,0x01,0x00,0x03,0x00,0x05,0x00,0x09,0x00,0x10,0x90,0x20,0x60},
    {0x00,0x00,0x00,0x20,0x00,0x20,0x00,0x40,0x00,0x40,0x00,0x40,0x08,0x88,0x14,0x88,0x04,0x90,0x05,0x10,0x09,0x20,0x09,0x40,0x07,0x80,0x02,0x00,0x02,0x00,0x02,0x00},
    {0x00,0x00,0x00,0x00,0x00,0x00,0x00,0x00,0x00,0x00,0x00,0x00,0x04,0x10,0x08,0x90,0x10,0x88,0x10,0x88,0x21,0x08,0x21,0x08,0x22,0x90,0x1c,0x60,0x00,0x00,0x00,0x00},
    {0x00,0x00,0x00,0x80,0x00,0x80,0x01,0x40,0x01,0x40,0x02,0x20,0x02,0x20,0x04,0x10,0x07,0xf0,0x04,0x10,0x08,0x08,0x08,0x08,0x10,0x04,0x38,0x0e,0x00,0x00,0x00,0x00},
    {0x00,0x00,0x3f,0xf0,0x08,0x10,0x08,0x08,0x08,0x00,0x08,0x00,0x0f,0xe0,0x08,0x10,0x08,0x08,0x08,0x04,0x08,0x04,0x08,0x08,0x08,0x30,0x3f,0xc0,0x00,0x00,0x00,0x00},
    {0x00,0x00,0x3f,0xe0,0x08,0x10,0x08,0x08,0x08,0x08,0x08,0x10,0x0f,0xe0,0x08,0x10,0x08,0x08,0x08,0x04,0x08,0x04,0x08,0x08,0x08,0x30,0x3f,0xc0,0x00,0x00,0x00,0x00},
    {0x00,0x00,0x1f,0xf8,0x04,0x08,0x04,0x04,0x04,0x00,0x04,0x00,0x04,0x00,0x04,0x00,0x04,0x00,0x04,0x00,0x04,0x00,0x04,0x00,0x04,0x00,0x0e,0x00,0x00,0x00,0x00,0x00},
    {0x00,0x00,0x0f,0xfc,0x02,0x10,0x02,0x10,0x02,0x10,0x02,0x10,0x02,0x10,0x02,0x10,0x02,0x10,0x02,0x10,0x04,0x10,0x04,0x10,0x08,0x10,0x3f,0xfc,0x20,0x04,0x20,0x04},
    {0x00,0x00,0x3f,0xf8,0x08,0x08,0x08,0x04,0x08,0x00,0x08,0x00,0x08,0x40,0x0f,0xc0,0x08,0x40,0x08,0x00,0x08,0x00,0x08,0x04,0x08,0x08,0x3f,0xf8,0x00,0x00,0x00,0x00},
    {0x04,0x10,0x04,0x10,0x00,0x00,0x3f,0xf0,0x08,0x10,0x08,0x08,0x08,0x00,0x08,0x40,0x0f,0xc0,0x08,0x40,0x08,0x00,0x08,0x08,0x08,0x10,0x3f,0xf0,0x00,0x00,0x00,0x00},
    {0x00,0x00,0x31,0xc6,0x48,0x89,0x08,0x88,0x08,0x88,0x08,0x88,0x04,0x90,0x07,0xf0,0x08,0x88,0x10,0x84,0x10,0x84,0x20,0x82,0x20,0x82,0x71,0xc7,0x00,0x00,0x00,0x00},
    {0x00,0x00,0x03,0xc0,0x0c,0x30,0x10,0x18,0x00,0x08,0x00,0x08,0x00,0x10,0x03,0xe0,0x00,0x10,0x00,0x08,0x00,0x08,0x10,0x10,0x0c,0x30,0x03,0xc0,0x00,0x00,0x00,0x00},
    {0x00,0x00,0x38,0x1c,0x10,0x18,0x10,0x28,0x10,0x28,0x10,0x48,0x10,0x88,0x10,0x88,0x11,0x08,0x12,0x08,0x12,0x08,0x14,0x08,0x18,0x08,0x10,0x1c,0x00,0x00,0x00,0x00},
    {0x06,0x60,0x04,0x20,0x3b,0xcc,0x10,0x18,0x10,0x18,0x10,0x28,0x10,0x48,0x10,0x88,0x10,0x88,0x11,0x08,0x12,0x08,0x14,0x08,0x18,0x08,0x10,0x1c,0x00,0x00,0x00,0x00},
    {0x00,0x00,0x1c,0x38,0x08,0x44,0x08,0x40,0x08,0x80,0x08,0x80,0x09,0x00,0x0f,0x00,0x08,0x80,0x08,0x40,0x08,0x20,0x08,0x10,0x08,0x08,0x1c,0x1c,0x00,0x00,0x00,0x00},
    {0x00,0x00,0x0f,0xf8,0x02,0x10,0x02,0x10,0x02,0x10,0x02,0x10,0x02,0x10,0x02,0x10,0x02,0x10,0x04,0x10,0x04,0x10,0x08,0x10,0x50,0x10,0x60,0x38,0x00,0x00,0x00,0x00},
    {0x00,0x00,0x30,0x0c,0x10,0x08,0x18,0x18,0x18,0x18,0x14,0x28,0x14,0x28,0x12,0x28,0x12,0x48,0x22,0x44,0x21,0x44,0x21,0x84,0x20,0x84,0x78,0x8e,0x00,0x00,0x00,0x00},
    {0x00,0x00,0x38,0x1c,0x10,0x08,0x10,0x08,0x10,0x08,0x10,0x08,0x10,0x08,0x1f,0xf8,0x10,0x08,0x10,0x08,0x10,0x08,0x10,0x08,0x10,0x08,0x38,0x1c,0x00,0x00,0x00,0x00},
    {0x00,0x00,0x03,0xc0,0x0c,0x30,0x18,0x18,0x10,0x08,0x20,0x04,0x20,0x04,0x20,0x04,0x20,0x04,0x20,0x04,0x10,0x08,0x18,0x18,0x0c,0x30,0x03,0xc0,0x00,0x00,0x00,0x00},
    {0x00,0x00,0x1f,0xfc,0x08,0x08,0x08,0x08,0x08,0x08,0x08,0x08,0x08,0x08,0x08,0x08,0x08,0x08,0x08,0x08,0x08,0x08,0x08,0x08,0x08,0x08,0x1c,0x1c,0x00,0x00,0x00,0x00},
    {0x00,0x00,0x1f,0xe0,0x04,0x18,0x04,0x04,0x04,0x04,0x04,0x04,0x04,0x18,0x07,0xe0,0x04,0x00,0x04,0x00,0x04,0x00,0x04,0x00,0x04,0x00,0x0e,0x00,0x00,0x00,0x00,0x00},
    {0x00,0x00,0x03,0xc0,0x0c,0x28,0x18,0x18,0x10,0x08,0x20,0x00,0x20,0x00,0x20,0x00,0x20,0x00,0x20,0x00,0x10,0x08,0x18,0x18,0x0c,0x30,0x03,0xc0,0x00,0x00,0x00,0x00},
    {0x00,0x00,0x3f,0xf8,0x21,0x08,0x41,0x04,0x01,0x00,0x01,0x00,0x01,0x00,0x01,0x00,0x01,0x00,0x01,0x00,0x01,0x00,0x01,0x00,0x01,0x00,0x03,0x80,0x00,0x00,0x00,0x00},
    {0x00,0x00,0x1c,0x1c,0x08,0x08,0x04,0x10,0x04,0x10,0x02,0x20,0x02,0x20,0x01,0x40,0x01,0x40,0x00,0x80,0x00,0x80,0x01,0x00,0x12,0x00,0x0c,0x00,0x00,0x00,0x00,0x00},
    {0x00,0x00,0x01,0xc0,0x00,0x80,0x03,0xe0,0x0c,0x98,0x08,0x88,0x10,0x84,0x10,0x84,0x10,0x84,0x08,0x88,0x0c,0x98,0x03,0xe0,0x00,0x80,0x01,0xc0,0x00,0x00,0x00,0x00},
    {0x00,0x00,0x38,0x38,0x10,0x10,0x08,0x20,0x04,0x40,0x04,0x40,0x02,0x80,0x01,0x00,0x02,0x80,0x04,0x40,0x04,0x40,0x08,0x20,0x10,0x10,0x38,0x38,0x00,0x00,0x00,0x00},
    {0x00,0x00,0x38,0x38,0x10,0x10,0x10,0x10,0x10,0x10,0x10,0x10,0x10,0x10,0x10,0x10,0x10,0x10,0x10,0x10,0x10,0x10,0x10,0x10,0x10,0x10,0x3f,0xfc,0x00,0x04,0x00,0x04},
    {0x00,0x00,0x1c,0x38,0x08,0x10,0x08,0x10,0x08,0x10,0x08,0x10,0x08,0x10,0x04,0x30,0x03,0xd0,0x00,0x10,0x00,0x10,0x00,0x10,0x00,0x10,0x00,0x38,0x00,0x00,0x00,0x00},
    {0x00,0x00,0x39,0xce,0x10,0x84,0x10,0x84,0x10,0x84,0x10,0x84,0x10,0x84,0x10,0x84,0x10,0x84,0x10,0x84,0x10,0x84,0x10,0x84,0x10,0x84,0x3f,0xfe,0x00,0x00,0x00,0x00},
    {0x00,0x00,0x39,0xce,0x10,0x84,0x10,0x84,0x10,0x84,0x10,0x84,0x10,0x84,0x10,0x84,0x10,0x84,0x10,0x84,0x10,0x84,0x10,0x84,0x10,0x84,0x3f,0xff,0x00,0x01,0x00,0x01},
    {0x00,0x00,0x3f,0x00,0x22,0x00,0x42,0x00,0x02,0x00,0x02,0x00,0x03,0xf0,0x02,0x0c,0x02,0x06,0x02,0x02,0x02,0x02,0x02,0x06,0x02,0x0c,0x07,0xf0,0x00,0x00,0x00,0x00},
    {0x00,0x00,0x38,0x1c,0x10,0x08,0x10,0x08,0x10,0x08,0x10,0x08,0x1e,0x08,0x11,0x88,0x10,0xc8,0x10,0x48,0x10,0x48,0x10,0xc8,0x11,0x88,0x3e,0x1c,0x00,0x00,0x00,0x00},
    {0x00,0x00,0x1c,0x00,0x08,0x00,0x08,0x00,0x08,0x00,0x08,0x00,0x0f,0xc0,0x08,0x30,0x08,0x18,0x08,0x08,0x08,0x08,0x08,0x18,0x08,0x30,0x1f,0xc0,0x00,0x00,0x00,0x00},
    {0x00,0x00,0x03,0xc0,0x0c,0x30,0x08,0x18,0x10,0x08,0x00,0x0c,0x07,0x14,0x08,0xe4,0x00,0x04,0x00,0x04,0x10,0x08,0x08,0x18,0x0c,0x30,0x03,0xc0,0x00,0x00,0x00,0x00},
    {0x00,0x00,0x38,0x70,0x10,0x88,0x11,0x04,0x11,0x04,0x12,0x02,0x12,0x02,0x1e,0x02,0x12,0x02,0x12,0x02,0x11,0x04,0x11,0x04,0x10,0x88,0x38,0x70,0x00,0x00,0x00,0x00},
    {0x00,0x00,0x03,0xf8,0x0c,0x10,0x10,0x10,0x10,0x10,0x10,0x10,0x0c,0x10,0x03,0xf0,0x01,0x10,0x02,0x10,0x04,0x10,0x04,0x10,0x18,0x10,0x60,0x38,0x00,0x00,0x00,0x00},
    {0x00,0x00,0x00,0x00,0x00,0x00,0x00,0x00,0x00,0x00,0x03,0xc0,0x04,0x20,0x00,0x20,0x03,0xa0,0x04,0x60,0x08,0x20,0x08,0x60,0x08,0xa8,0x07,0x18,0x00,0x00,0x00,0x00},
    {0x00,0x00,0x00,0x10,0x01,0xe0,0x02,0x00,0x04,0x00,0x04,0x00,0x0b,0xc0,0x0c,0x20,0x08,0x10,0x08,0x10,0x08,0x10,0x08,0x10,0x04,0x20,0x03,0xc0,0x00,0x00,0x00,0x00},
    {0x00,0x00,0x00,0x00,0x00,0x00,0x00,0x00,0x00,0x00,0x0f,0xe0,0x04,0x10,0x04,0x10,0x04,0x20,0x07,0xe0,0x04,0x10,0x04,0x10,0x04,0x10,0x0f,0xe0,0x00,0x00,0x00,0x00},
    {0x00,0x00,0x00,0x00,0x00,0x00,0x00,0x00,0x00,0x00,0x0f,0xf0,0x04,0x10,0x04,0x10,0x04,0x00,0x04,0x00,0x04,0x00,0x04,0x00,0x04,0x00,0x0e,0x00,0x00,0x00,0x00,0x00},
    {0x00,0x00,0x00,0x00,0x00,0x00,0x00,0x00,0x00,0x00,0x07,0xf0,0x02,0x20,0x02,0x20,0x02,0x20,0x02,0x20,0x02,0x20,0x04,0x20,0x04,0x20,0x1f,0xf8,0x10,0x08,0x10,0x08},
    {0x00,0x00,0x00,0x00,0x00,0x00,0x00,0x00,0x00,0x00,0x03,0x80,0x04,0x40,0x08,0x20,0x08,0x20,0x0f,0xe0,0x08,0x00,0x08,0x00,0x04,0x20,0x03,0xc0,0x00,0x00,0x00,0x00},
    {0x00,0x00,0x00,0x00,0x04,0x40,0x04,0x40,0x00,0x00,0x03,0x80,0x04,0x40,0x08,0x20,0x08,0x20,0x0f,0xe0,0x08,0x00,0x08,0x00,0x04,0x20,0x03,0xc0,0x00,0x00,0x00,0x00},
    {0x00,0x00,0x00,0x00,0x00,0x00,0x00,0x00,0x00,0x00,0x19,0xcc,0x08,0x88,0x04,0x90,0x03,0xe0,0x02,0xa0,0x04,0x90,0x04,0x90,0x08,0x88,0x11,0xc4,0x00,0x00,0x00,0x00},
    {0x00,0x00,0x00,0x00,0x00,0x00,0x00,0x00,0x00,0x00,0x03,0xe0,0x06,0x10,0x00,0x10,0x00,0x20,0x01,0xe0,0x00,0x10,0x00,0x10,0x06,0x10,0x03,0xe0,0x00,0x00,0x00,0x00},
    {0x00,0x00,0x00,0x00,0x00,0x00,0x00,0x00,0x00,0x00,0x0e,0x1c,0x04,0x08,0x04,0x18,0x04,0x28,0x04,0x48,0x05,0x88,0x06,0x08,0x04,0x08,0x0e,0x1c,0x00,0x00,0x00,0x00},
    {0x00,0x00,0x00,0x00,0x03,0x30,0x02,0x10,0x01,0xe0,0x0e,0x1c,0x04,0x08,0x04,0x18,0x04,0x28,0x04,0x48,0x05,0x88,0x06,0x08,0x04,0x08,0x0e,0x1c,0x00,0x00,0x00,0x00},
    {0x00,0x00,0x00,0x00,0x00,0x00,0x00,0x00,0x00,0x00,0x0e,0x30,0x04,0x50,0x04,0x80,0x05,0x00,0x07,0x00,0x04,0x80,0x04,0x40,0x04,0x20,0x0e,0x38,0x00,0x00,0x00,0x00},
    {0x00,0x00,0x00,0x00,0x00,0x00,0x00,0x00,0x00,0x00,0x03,0xf8,0x01,0x10,0x01,0x10,0x01,0x10,0x01,0x10,0x01,0x10,0x11,0x10,0x12,0x10,0x0c,0x38,0x00,0x00,0x00,0x00},
    {0x00,0x00,0x00,0x00,0x00,0x00,0x00,0x00,0x00,0x00,0x1c,0x1c,0x0c,0x18,0x0a,0x28,0x0a,0x28,0x09,0x48,0x09,0x48,0x08,0x88,0x08,0x88,0x1c,0x1c,0x00,0x00,0x00,0x00},
    {0x00,0x00,0x00,0x00,0x00,0x00,0x00,0x00,0x00,0x00,0x0e,0x38,0x04,0x10,0x04,0x10,0x04,0x10,0x07,0xf0,0x04,0x10,0x04,0x10,0x04,0x10,0x0e,0x38,0x00,0x00,0x00,0x00},
    {0x00,0x00,0x00,0x00,0x00,0x00,0x00,0x00,0x00,0x00,0x03,0xc0,0x04,0x20,0x08,0x10,0x08,0x10,0x08,0x10,0x08,0x10,0x08,0x10,0x04,0x20,0x03,0xc0,0x00,0x00,0x00,0x00},
    {0x00,0x00,0x00,0x00,0x00,0x00,0x00,0x00,0x00,0x00,0x1f,0xf0,0x08,0x20,0x08,0x20,0x08,0x20,0x08,0x20,0x08,0x20,0x08,0x20,0x08,0x20,0x1c,0x70,0x00,0x00,0x00,0x00},
    {0x00,0x00,0x00,0x00,0x00,0x00,0x00,0x00,0x00,0x00,0x0d,0xc0,0x06,0x20,0x04,0x10,0x04,0x10,0x04,0x10,0x04,0x10,0x06,0x20,0x05,0xc0,0x04,0x00,0x04,0x00,0x0e,0x00},
    {0x00,0x00,0x00,0x00,0x00,0x00,0x00,0x00,0x00,0x00,0x03,0x80,0x04,0x40,0x08,0x20,0x08,0x00,0x08,0x00,0x08,0x00,0x08,0x20,0x04,0x40,0x03,0x80,0x00,0x00,0x00,0x00},
    {0x00,0x00,0x00,0x00,0x00,0x00,0x00,0x00,0x00,0x00,0x1f,0xf0,0x11,0x10,0x11,0x10,0x01,0x00,0x01,0x00,0x01,0x00,0x01,0x00,0x01,0x00,0x03,0x80,0x00,0x00,0x00,0x00},
    {0x00,0x00,0x00,0x00,0x00,0x00,0x00,0x00,0x00,0x00,0x0e,0x38,0x04,0x10,0x04,0x10,0x02,0x20,0x02,0x20,0x01,0x40,0x01,0x40,0x00,0x80,0x01,0x00,0x09,0x00,0x06,0x00},
    {0x00,0x00,0x01,0x80,0x00,0x80,0x00,0x80,0x00,0x80,0x00,0x80,0x06,0xb0,0x09,0xc8,0x10,0x84,0x10,0x84,0x10,0x84,0x10,0x84,0x09,0xc8,0x06,0xb0,0x00,0x80,0x01,0xc0},
    {0x00,0x00,0x00,0x00,0x00,0x00,0x00,0x00,0x00,0x00,0x0e,0x38,0x04,0x10,0x02,0x20,0x01,0x40,0x00,0x80,0x01,0x40,0x02,0x20,0x04,0x10,0x0e,0x38,0x00,0x00,0x00,0x00},
    {0x00,0x00,0x00,0x00,0x00,0x00,0x00,0x00,0x00,0x00,0x1c,0x70,0x08,0x20,0x08,0x20,0x08,0x20,0x08,0x20,0x08,0x20,0x08,0x20,0x08,0x20,0x1f,0xf8,0x00,0x08,0x00,0x08},
    {0x00,0x00,0x00,0x00,0x00,0x00,0x00,0x00,0x00,0x00,0x0e,0x38,0x04,0x10,0x04,0x10,0x04,0x10,0x04,0x10,0x03,0xf0,0x00,0x10,0x00,0x10,0x00,0x38,0x00,0x00,0x00,0x00},
    {0x00,0x00,0x00,0x00,0x00,0x00,0x00,0x00,0x00,0x00,0x39,0xce,0x10,0x84,0x10,0x84,0x10,0x84,0x10,0x84,0x10,0x84,0x10,0x84,0x10,0x84,0x3f,0xfe,0x00,0x00,0x00,0x00},
    {0x00,0x00,0x00,0x00,0x00,0x00,0x00,0x00,0x00,0x00,0x39,0xce,0x10,0x84,0x10,0x84,0x10,0x84,0x10,0x84,0x10,0x84,0x10,0x84,0x10,0x84,0x3f,0xff,0x00,0x01,0x00,0x01},
    {0x00,0x00,0x00,0x00,0x00,0x00,0x00,0x00,0x00,0x00,0x1f,0x80,0x11,0x00,0x11,0x00,0x01,0x00,0x01,0xf0,0x01,0x0c,0x01,0x04,0x01,0x0c,0x03,0xf0,0x00,0x00,0x00,0x00},
    {0x00,0x00,0x00,0x00,0x00,0x00,0x00,0x00,0x00,0x00,0x1c,0x1c,0x08,0x08,0x08,0x08,0x08,0x08,0x0f,0x08,0x08,0xc8,0x08,0x48,0x08,0xc8,0x1f,0x1c,0x00,0x00,0x00,0x00},
    {0x00,0x00,0x00,0x00,0x00,0x00,0x00,0x00,0x00,0x00,0x07,0x00,0x02,0x00,0x02,0x00,0x02,0x00,0x03,0xe0,0x02,0x18,0x02,0x08,0x02,0x18,0x07,0xe0,0x00,0x00,0x00,0x00},
    {0x00,0x00,0x00,0x00,0x00,0x00,0x00,0x00,0x00,0x00,0x03,0xc0,0x04,0x20,0x08,0x10,0x03,0x30,0x04,0xd0,0x00,0x10,0x08,0x10,0x04,0x20,0x03,0xc0,0x00,0x00,0x00,0x00},
    {0x00,0x00,0x00,0x00,0x00,0x00,0x00,0x00,0x00,0x00,0x1c,0x70,0x08,0x88,0x09,0x04,0x09,0x04,0x0f,0x04,0x09,0x04,0x09,0x04,0x08,0x88,0x1c,0x70,0x00,0x00,0x00,0x00},
    {0x00,0x00,0x00,0x00,0x00,0x00,0x00,0x00,0x00,0x00,0x07,0xf0,0x08,0x20,0x08,0x20,0x08,0x20,0x07,0xe0,0x02,0x20,0x04,0x20,0x04,0x20,0x18,0x70,0x00,0x00,0x00,0x00},
    {0x00,0x00,0x00,0x00,0x00,0x00,0x00,0x00,0x00,0x00,0x00,0x00,0x00,0x00,0xff,0xff,0x00,0x00,0x00,0x00,0x00,0x00,0x00,0x00,0x00,0x00,0x00,0x00,0x00,0x00,0x00,0x00},
    {0x01,0x00,0x01,0x00,0x01,0x00,0x01,0x00,0x01,0x00,0x01,0x00,0x01,0x00,0x01,0x00,0x01,0x00,0x01,0x00,0x01,0x00,0x01,0x00,0x01,0x00,0x01,0x00,0x01,0x00,0x01,0x00},
    {0x00,0x00,0x00,0x00,0x00,0x00,0x00,0x00,0x00,0x00,0x00,0x00,0x00,0x00,0x01,0xff,0x01,0x00,0x01,0x00,0x01,0x00,0x01,0x00,0x01,0x00,0x01,0x00,0x01,0x00,0x01,0x00},
    {0x00,0x00,0x00,0x00,0x00,0x00,0x00,0x00,0x00,0x00,0x00,0x00,0x00,0x00,0xff,0x00,0x01,0x00,0x01,0x00,0x01,0x00,0x01,0x00,0x01,0x00,0x01,0x00,0x01,0x00,0x01,0x00},
    {0x01,0x00,0x01,0x00,0x01,0x00,0x01,0x00,0x01,0x00,0x01,0x00,0x01,0x00,0xff,0x00,0x00,0x00,0x00,0x00,0x00,0x00,0x00,0x00,0x00,0x00,0x00,0x00,0x00,0x00,0x00,0x00},
    {0x01,0x00,0x01,0x00,0x01,0x00,0x01,0x00,0x01,0x00,0x01,0x00,0x01,0x00,0x01,0xff,0x00,0x00,0x00,0x00,0x00,0x00,0x00,0x00,0x00,0x00,0x00,0x00,0x00,0x00,0x00,0x00},
    {0x01,0x00,0x01,0x00,0x01,0x00,0x01,0x00,0x01,0x00,0x01,0x00,0x01,0x00,0x01,0xff,0x01,0x00,0x01,0x00,0x01,0x00,0x01,0x00,0x01,0x00,0x01,0x00,0x01,0x00,0x01,0x00},
    {0x00,0x00,0x00,0x00,0x00,0x00,0x00,0x00,0x00,0x00,0x00,0x00,0x00,0x00,0xff,0xff,0x01,0x00,0x01,0x00,0x01,0x00,0x01,0x00,0x01,0x00,0x01,0x00,0x01,0x00,0x01,0x00},
    {0x01,0x00,0x01,0x00,0x01,0x00,0x01,0x00,0x01,0x00,0x01,0x00,0x01,0x00,0xff,0x00,0x01,0x00,0x01,0x00,0x01,0x00,0x01,0x00,0x01,0x00,0x01,0x00,0x01,0x00,0x01,0x00},
    {0x01,0x00,0x01,0x00,0x01,0x00,0x01,0x00,0x01,0x00,0x01,0x00,0x01,0x00,0xff,0xff,0x00,0x00,0x00,0x00,0x00,0x00,0x00,0x00,0x00,0x00,0x00,0x00,0x00,0x00,0x00,0x00},
    {0x01,0x00,0x01,0x00,0x01,0x00,0x01,0x00,0x01,0x00,0x01,0x00,0x01,0x00,0xff,0xff,0x01,0x00,0x01,0x00,0x01,0x00,0x01,0x00,0x01,0x00,0x01,0x00,0x01,0x00,0x01,0x00},
    {0x00,0x00,0x00,0x00,0x00,0x00,0x00,0x00,0x00,0x00,0x00,0x00,0x00,0x00,0xff,0xff,0xff,0xff,0x00,0x00,0x00,0x00,0x00,0x00,0x00,0x00,0x00,0x00,0x00,0x00,0x00,0x00},
    {0x01,0x80,0x01,0x80,0x01,0x80,0x01,0x80,0x01,0x80,0x01,0x80,0x01,0x80,0x01,0x80,0x01,0x80,0x01,0x80,0x01,0x80,0x01,0x80,0x01,0x80,0x01,0x80,0x01,0x80,0x01,0x80},
    {0x00,0x00,0x00,0x00,0x00,0x00,0x00,0x00,0x00,0x00,0x00,0x00,0x00,0x00,0x01,0xff,0x01,0xff,0x01,0x80,0x01,0x80,0x01,0x80,0x01,0x80,0x01,0x80,0x01,0x80,0x01,0x80},
    {0x00,0x00,0x00,0x00,0x00,0x00,0x00,0x00,0x00,0x00,0x00,0x00,0x00,0x00,0xff,0x80,0xff,0x80,0x01,0x80,0x01,0x80,0x01,0x80,0x01,0x80,0x01,0x80,0x01,0x80,0x01,0x80},
    {0x01,0x80,0x01,0x80,0x01,0x80,0x01,0x80,0x01,0x80,0x01,0x80,0x01,0x80,0xff,0x80,0xff,0x80,0x00,0x00,0x00,0x00,0x00,0x00,0x00,0x00,0x00,0x00,0x00,0x00,0x00,0x00},
    {0x01,0x80,0x01,0x80,0x01,0x80,0x01,0x80,0x01,0x80,0x01,0x80,0x01,0x80,0x01,0xff,0x01,0xff,0x00,0x00,0x00,0x00,0x00,0x00,0x00,0x00,0x00,0x00,0x00,0x00,0x00,0x00},
    {0x01,0x80,0x01,0x80,0x01,0x80,0x01,0x80,0x01,0x80,0x01,0x80,0x01,0x80,0x01,0xff,0x01,0xff,0x01,0x80,0x01,0x80,0x01,0x80,0x01,0x80,0x01,0x80,0x01,0x80,0x01,0x80},
    {0x00,0x00,0x00,0x00,0x00,0x00,0x00,0x00,0x00,0x00,0x00,0x00,0x00,0x00,0xff,0xff,0xff,0xff,0x01,0x80,0x01,0x80,0x01,0x80,0x01,0x80,0x01,0x80,0x01,0x80,0x01,0x80},
    {0x01,0x80,0x01,0x80,0x01,0x80,0x01,0x80,0x01,0x80,0x01,0x80,0x01,0x80,0xff,0x80,0xff,0x80,0x01,0x80,0x01,0x80,0x01,0x80,0x01,0x80,0x01,0x80,0x01,0x80,0x01,0x80},
    {0x01,0x80,0x01,0x80,0x01,0x80,0x01,0x80,0x01,0x80,0x01,0x80,0x01,0x80,0xff,0xff,0xff,0xff,0x00,0x00,0x00,0x00,0x00,0x00,0x00,0x00,0x00,0x00,0x00,0x00,0x00,0x00},
    {0x01,0x80,0x01,0x80,0x01,0x80,0x01,0x80,0x01,0x80,0x01,0x80,0x01,0x80,0xff,0xff,0xff,0xff,0x01,0x80,0x01,0x80,0x01,0x80,0x01,0x80,0x01,0x80,0x01,0x80,0x01,0x80},
    {0x01,0x80,0x01,0x80,0x01,0x80,0x01,0x80,0x01,0x80,0x01,0x80,0x01,0x80,0x01,0xff,0x01,0x80,0x01,0x80,0x01,0x80,0x01,0x80,0x01,0x80,0x01,0x80,0x01,0x80,0x01,0x80},
    {0x00,0x00,0x00,0x00,0x00,0x00,0x00,0x00,0x00,0x00,0x00,0x00,0x00,0x00,0xff,0xff,0xff,0xff,0x01,0x00,0x01,0x00,0x01,0x00,0x01,0x00,0x01,0x00,0x01,0x00,0x01,0x00},
    {0x01,0x80,0x01,0x80,0x01,0x80,0x01,0x80,0x01,0x80,0x01,0x80,0x01,0x80,0xff,0x80,0x01,0x80,0x01,0x80,0x01,0x80,0x01,0x80,0x01,0x80,0x01,0x80,0x01,0x80,0x01,0x80},
    {0x01,0x00,0x01,0x00,0x01,0x00,0x01,0x00,0x01,0x00,0x01,0x00,0x01,0x00,0xff,0xff,0xff,0xff,0x00,0x00,0x00,0x00,0x00,0x00,0x00,0x00,0x00,0x00,0x00,0x00,0x00,0x00},
    {0x01,0x00,0x01,0x00,0x01,0x00,0x01,0x00,0x01,0x00,0x01,0x00,0x01,0x00,0xff,0xff,0xff,0xff,0x01,0x00,0x01,0x00,0x01,0x00,0x01,0x00,0x01,0x00,0x01,0x00,0x01,0x00},
    {0x01,0x00,0x01,0x00,0x01,0x00,0x01,0x00,0x01,0x00,0x01,0x00,0x01,0x00,0x01,0xff,0x01,0xff,0x01,0x00,0x01,0x00,0x01,0x00,0x01,0x00,0x01,0x00,0x01,0x00,0x01,0x00},
    {0x00,0x00,0x00,0x00,0x00,0x00,0x00,0x00,0x00,0x00,0x00,0x00,0x00,0x00,0xff,0xff,0x01,0x80,0x01,0x80,0x01,0x80,0x01,0x80,0x01,0x80,0x01,0x80,0x01,0x80,0x01,0x80},
    {0x01,0x00,0x01,0x00,0x01,0x00,0x01,0x00,0x01,0x00,0x01,0x00,0x01,0x00,0xff,0x00,0xff,0x00,0x01,0x00,0x01,0x00,0x01,0x00,0x01,0x00,0x01,0x00,0x01,0x00,0x01,0x00},
    {0x01,0x80,0x01,0x80,0x01,0x80,0x01,0x80,0x01,0x80,0x01,0x80,0x01,0x80,0xff,0xff,0x00,0x00,0x00,0x00,0x00,0x00,0x00,0x00,0x00,0x00,0x00,0x00,0x00,0x00,0x00,0x00},
    {0x01,0x80,0x01,0x80,0x01,0x80,0x01,0x80,0x01,0x80,0x01,0x80,0x01,0x80,0xff,0xff,0x01,0x80,0x01,0x80,0x01,0x80,0x01,0x80,0x01,0x80,0x01,0x80,0x01,0x80,0x01,0x80},
    {0x00,0x00,0x10,0x08,0x10,0x08,0x10,0x08,0x12,0x08,0x11,0x08,0x10,0x88,0x10,0x88,0x10,0x08,0x10,0x08,0x10,0x18,0x11,0x14,0x16,0x22,0x18,0x42,0x60,0x81,0x03,0x01},
    {0x04,0x20,0x05,0xfc,0x04,0x44,0x08,0x44,0x0f,0xff,0x10,0x00,0x11,0xfc,0x31,0x04,0x51,0xfc,0x10,0x10,0x11,0xfe,0x11,0x10,0x11,0x10,0x17,0xff,0x10,0x10,0x10,0x10},
    {0x01,0x20,0x06,0x3e,0x38,0x44,0x08,0x84,0x09,0x68,0x7e,0x10,0x08,0x20,0x08,0xc8,0x1c,0x0f,0x1a,0x11,0x29,0x22,0x28,0xda,0x48,0x04,0x08,0x08,0x08,0x30,0x09,0xc0},
    {0x00,0x00,0x00,0x00,0x00,0x00,0x00,0x00,0x00,0x00,0x00,0x00,0x00,0x02,0x7f,0xff,0x00,0x00,0x00,0x00,0x00,0x00,0x00,0x00,0x00,0x00,0x00,0x00,0x00,0x00,0x00,0x00},
    {0x00,0x06,0x3c,0x1a,0x27,0xe2,0x25,0x24,0x28,0x98,0x31,0xfe,0x28,0x02,0x24,0xfe,0x24,0x02,0x25,0xfe,0x24,0x10,0x25,0x4a,0x39,0x49,0x21,0x41,0x22,0x25,0x20,0x1c},
    {0x10,0x00,0x09,0xf8,0x09,0x08,0x01,0x08,0x01,0x78,0x41,0x48,0x21,0x48,0x23,0xfe,0x0a,0x02,0x0a,0xf2,0x12,0x92,0x12,0x92,0x22,0xf2,0x22,0x02,0x42,0x02,0x42,0x06},
    {0x00,0x00,0x27,0xfe,0x14,0x22,0x14,0x22,0x03,0xfc,0x00,0x20,0x03,0xfc,0x7a,0x24,0x0b,0xfc,0x0a,0x24,0x0b,0xfc,0x08,0x20,0x17,0xfe,0x12,0x20,0x21,0x80,0x40,0x7f},
    {0x09,0x00,0x0b,0xee,0x11,0x20,0x11,0x20,0x27,0xf0,0x44,0x00,0x0b,0xff,0x0a,0x24,0x13,0xe4,0x30,0x44,0x57,0xf4,0x11,0x44,0x11,0x44,0x17,0xf4,0x10,0x44,0x10,0x4c},
    {0x04,0x14,0x04,0x12,0x04,0x10,0x1f,0x7f,0x04,0x50,0x04,0x52,0x3f,0xd2,0x04,0x52,0x14,0x54,0x17,0x4c,0x14,0x69,0x15,0x95,0x1c,0x23,0x24,0xc1,0x23,0x00,0x40,0xff},
    {0x10,0x0c,0x13,0xf0,0x11,0x44,0x7c,0xa4,0x10,0xa8,0x13,0xfe,0x10,0x40,0x13,0xff,0x1c,0x40,0x70,0xfc,0x11,0x84,0x16,0xc8,0x10,0x30,0x10,0x50,0x11,0x8c,0x36,0x03},
    {0x10,0x20,0x08,0x20,0x0f,0xff,0x04,0x01,0x07,0xfe,0x40,0x20,0x23,0xfe,0x22,0x22,0x02,0x22,0x13,0xfe,0x12,0x22,0x22,0x22,0x23,0xfe,0x20,0x8c,0x41,0x02,0x46,0x01},
    {0x08,0x3c,0x08,0x04,0x14,0x24,0x12,0x24,0x22,0x44,0x7f,0x42,0x08,0x82,0x09,0x01,0x7e,0x7c,0x08,0x44,0x4a,0x44,0x2c,0x44,0x29,0x44,0x0e,0x44,0x18,0x7c,0x60,0x00},
    {0x00,0x40,0x00,0x40,0x1f,0xff,0x10,0x80,0x10,0x40,0x10,0x20,0x10,0x90,0x10,0x90,0x14,0x84,0x14,0x82,0x14,0x81,0x24,0x81,0x28,0x81,0x28,0x84,0x50,0x44,0x00,0x3c},
    {0x10,0x00,0x11,0xfe,0x11,0x22,0x11,0x22,0x7d,0x22,0x11,0xfe,0x11,0x22,0x11,0x22,0x11,0x22,0x1d,0xfe,0x70,0x20,0x10,0x20,0x10,0x20,0x10,0x20,0x10,0x20,0x30,0x20},
    {0x08,0x88,0x08,0x88,0x0b,0xfe,0x7e,0x88,0x08,0x88,0x0b,0xff,0x1c,0x20,0x1b,0xfc,0x19,0x24,0x29,0xfc,0x29,0x24,0x49,0x24,0x09,0xfc,0x08,0x90,0x09,0x0c,0x0e,0x02},
    {0x00,0x20,0x3f,0xa0,0x21,0x20,0x21,0x3f,0x31,0x51,0x2a,0x52,0x26,0x94,0x22,0x10,0x26,0x10,0x25,0x30,0x29,0x28,0x29,0x28,0x30,0x44,0x3f,0xc4,0x00,0x82,0x01,0x01},
    {0x00,0x00,0x1f,0xfc,0x10,0x04,0x10,0x04,0x1f,0xfc,0x10,0x00,0x1f,0xfe,0x10,0xb0,0x13,0x0c,0x1f,0xfa,0x10,0x40,0x17,0xfc,0x20,0x40,0x20,0x40,0x5f,0xff,0x00,0x00},
    {0x00,0x80,0x00,0x80,0x3f,0xfe,0x04,0x10,0x02,0x10,0x02,0x20,0x7f,0xff,0x00,0x00,0x07,0xf0,0x04,0x10,0x04,0x10,0x07,0xf0,0x04,0x10,0x04,0x10,0x07,0xf0,0x00,0x00},
    {0x00,0x00,0x7f,0xff,0x00,0x80,0x00,0x80,0x00,0x80,0x00,0xc0,0x00,0xa0,0x00,0x90,0x00,0x88,0x00,0x88,0x00,0x80,0x00,0x80,0x00,0x80,0x00,0x80,0x00,0x80,0x00,0x80},
    {0x04,0x00,0x04,0x00,0x07,0xff,0x08,0x04,0x08,0x04,0x13,0xe4,0x12,0x24,0x32,0x24,0x52,0x24,0x12,0x24,0x13,0xe4,0x10,0x04,0x10,0x04,0x10,0x04,0x10,0x04,0x10,0x0c},
    {0x00,0x00,0x00,0x00,0x7f,0xff,0x00,0x08,0x00,0x08,0x0f,0xc8,0x08,0x48,0x08,0x48,0x08,0x48,0x08,0x48,0x0f,0xc8,0x00,0x08,0x00,0x08,0x00,0x08,0x00,0x08,0x00,0x18},
    {0x01,0x00,0x01,0x00,0x7f,0xfe,0x40,0x02,0x40,0x02,0x1f,0xf0,0x02,0x04,0x0d,0x44,0x31,0xc8,0x02,0xb0,0x0c,0xa0,0x31,0x90,0x02,0x88,0x0c,0x84,0x70,0x82,0x03,0x00},
    {0x00,0x00,0x1f,0xf8,0x11,0x08,0x11,0x08,0x1f,0xf8,0x11,0x08,0x11,0x08,0x1f,0xf8,0x01,0x00,0x7f,0xfe,0x03,0x80,0x05,0x40,0x09,0x20,0x11,0x18,0x61,0x06,0x01,0x00},
    {0x00,0x00,0x21,0xfc,0x11,0x04,0x11,0x3c,0x01,0x24,0x01,0x24,0x03,0xfe,0x7a,0x02,0x0a,0xfa,0x0a,0x8a,0x0a,0x8a,0x0a,0xfa,0x0a,0x02,0x14,0x06,0x23,0x00,0x40,0xff},
    {0x00,0x00,0x7f,0xff,0x00,0x80,0x00,0x80,0x27,0xf2,0x24,0x92,0x24,0x92,0x24,0x92,0x27,0xf2,0x24,0x92,0x24,0x92,0x24,0x92,0x27,0xf2,0x20,0x02,0x3f,0xfe,0x00,0x00},
    {0x00,0x10,0x3f,0x90,0x24,0x10,0x24,0x10,0x24,0x10,0x3f,0x10,0x21,0x10,0x21,0x28,0x21,0x28,0x3f,0x28,0x24,0x28,0x24,0x44,0x24,0x44,0x3f,0x84,0x01,0x02,0x02,0x01},
    {0x00,0x80,0x00,0x80,0x01,0x40,0x02,0x20,0x04,0x10,0x18,0x0c,0x67,0xf3,0x00,0x00,0x00,0x00,0x3f,0xfe,0x01,0x00,0x01,0x20,0x02,0x10,0x04,0x68,0x3f,0x84,0x00,0x04},
    {0x08,0x00,0x0e,0xfe,0x12,0x12,0x24,0x12,0x7f,0x22,0x29,0x4c,0x29,0x90,0x3f,0x50,0x29,0x7e,0x29,0x90,0x3f,0x10,0x21,0xff,0x21,0x10,0x21,0x10,0x21,0x10,0x43,0x10},
    {0x00,0x20,0x10,0x20,0x13,0xfe,0x10,0x20,0x11,0xfc,0x7f,0x54,0x11,0x54,0x11,0xfc,0x10,0x20,0x13,0xff,0x14,0x44,0x18,0xa8,0x61,0x90,0x06,0x88,0x00,0xe4,0x03,0x83},
    {0x08,0x20,0x08,0x20,0x08,0x20,0x09,0xfc,0x2c,0x24,0x2a,0x24,0x2a,0x24,0x28,0x24,0x4b,0xff,0x08,0x20,0x08,0x50,0x08,0x50,0x08,0x88,0x08,0x88,0x09,0x04,0x0a,0x02},
    {0x10,0x80,0x08,0x80,0x08,0xfe,0x01,0x00,0x41,0x00,0x23,0xfc,0x24,0xa4,0x00,0xa4,0x0f,0xff,0x09,0x24,0x11,0x24,0x11,0x24,0x23,0xff,0x22,0x04,0x40,0x08,0x40,0x30},
    {0x00,0x00,0x7e,0x7e,0x42,0x42,0x7e,0x7e,0x42,0x42,0x42,0x42,0x7e,0x7e,0x40,0x02,0x4f,0xf2,0x42,0x42,0x42,0x42,0x7f,0xfa,0x42,0x42,0x44,0x42,0x48,0x42,0x40,0x06},
    {0x01,0x00,0x01,0x00,0x7f,0xfe,0x41,0x02,0x41,0x02,0x3f,0xfc,0x01,0x00,0x1f,0xf8,0x01,0x00,0x7f,0xfe,0x00,0x00,0x1f,0xf8,0x10,0x08,0x10,0x08,0x1f,0xf8,0x00,0x00},
    {0x09,0x00,0x09,0x1e,0x17,0xe0,0x11,0x00,0x21,0x00,0x49,0x00,0x0f,0xff,0x11,0x04,0x11,0x04,0x37,0xe4,0x51,0x04,0x11,0x04,0x11,0x64,0x13,0x84,0x1c,0x04,0x10,0x0c},
    {0x01,0x02,0x01,0x22,0x01,0x22,0x01,0x22,0x21,0x22,0x11,0x22,0x0a,0x22,0x06,0x22,0x02,0x22,0x05,0x22,0x05,0x22,0x08,0x82,0x08,0x82,0x10,0x82,0x20,0x02,0x40,0x06},
    {0x08,0x88,0x04,0x88,0x04,0x90,0x1f,0xfe,0x00,0x80,0x01,0x40,0x7f,0xff,0x02,0x20,0x07,0xf0,0x18,0x1c,0x60,0x13,0x07,0xf0,0x04,0x00,0x04,0x08,0x04,0x08,0x03,0xf8},
    {0x01,0x00,0x01,0x00,0x7f,0xfe,0x40,0x02,0x40,0x02,0x1f,0xf8,0x00,0x00,0x00,0x00,0x7f,0xfe,0x02,0x40,0x02,0x40,0x02,0x40,0x04,0x42,0x08,0x42,0x10,0x22,0x60,0x1e},
    {0x00,0x48,0x00,0x44,0x1f,0xff,0x10,0x40,0x1f,0xa4,0x10,0x24,0x17,0x98,0x14,0x90,0x17,0xaa,0x20,0x46,0x40,0x82,0x12,0x44,0x12,0x42,0x22,0x09,0x41,0x09,0x00,0xf8},
    {0x10,0x20,0x1f,0xbf,0x24,0x50,0x42,0x88,0x3f,0x7e,0x21,0x42,0x3f,0x7e,0x21,0x42,0x3f,0x7e,0x20,0x02,0x27,0xe2,0x24,0x22,0x27,0xe2,0x24,0x22,0x27,0xe2,0x20,0x06},
    {0x00,0x00,0x23,0xfc,0x12,0x94,0x13,0xfc,0x00,0x00,0x0f,0xff,0x00,0x00,0x79,0xf8,0x09,0x08,0x09,0xf8,0x08,0xc2,0x09,0x64,0x16,0x58,0x12,0x47,0x21,0xc0,0x40,0x7f},
    {0x00,0x00,0x7e,0x7e,0x42,0x42,0x7e,0x7e,0x42,0x42,0x42,0x42,0x7e,0x7e,0x40,0x02,0x47,0xe2,0x44,0x22,0x47,0xe2,0x44,0x22,0x44,0x22,0x47,0xe2,0x40,0x02,0x40,0x06},
    {0x00,0x00,0x7e,0x7e,0x42,0x42,0x7e,0x7e,0x42,0x42,0x7e,0x7e,0x44,0x22,0x42,0x42,0x4f,0xf2,0x41,0x02,0x41,0x02,0x5f,0xfa,0x41,0x42,0x42,0x22,0x44,0x12,0x48,0x06},
    {0x00,0x80,0x00,0x80,0x3f,0xfe,0x01,0x40,0x02,0x20,0x0c,0x18,0x00,0x00,0x7f,0xff,0x00,0x08,0x0f,0xc8,0x08,0x48,0x08,0x48,0x0f,0xc8,0x00,0x08,0x00,0x08,0x00,0x18},
    {0x11,0x00,0x11,0x3e,0x7f,0xe2,0x11,0x22,0x11,0x22,0x1f,0x3e,0x11,0x22,0x11,0x22,0x1f,0x22,0x11,0x3e,0x11,0x22,0x7f,0xe2,0x12,0x22,0x11,0x42,0x21,0x42,0x40,0x86},
    {0x08,0xa4,0x08,0xa4,0x0b,0x78,0x7c,0xa4,0x08,0xaa,0x09,0x7d,0x1b,0xe4,0x1c,0x22,0x1b,0xff,0x28,0x94,0x28,0x94,0x48,0xc8,0x09,0x29,0x09,0x15,0x0a,0x23,0x0c,0x41},
    {0x08,0x00,0x09,0xfc,0x08,0x04,0x28,0xfc,0x28,0x04,0x29,0xfc,0x28,0x00,0x2b,0xff,0x2a,0x21,0x4a,0x21,0x09,0xfc,0x09,0x24,0x09,0x24,0x11,0x24,0x11,0x2c,0x20,0x20},
    {0x08,0x00,0x08,0x00,0x0f,0xfe,0x10,0x00,0x17,0xf8,0x20,0x00,0x40,0x00,0x1f,0xf8,0x00,0x48,0x0c,0x48,0x02,0x88,0x01,0x88,0x02,0x45,0x04,0x25,0x18,0x03,0x60,0x01},
    {0x08,0x00,0x08,0xfc,0x08,0x84,0x3f,0x84,0x08,0xfc,0x08,0x84,0x08,0x84,0x7f,0xfc,0x08,0x84,0x0c,0x84,0x14,0xfc,0x12,0x50,0x12,0x50,0x20,0x91,0x21,0x09,0x46,0x07},
    {0x04,0x00,0x04,0x3e,0x3f,0x82,0x04,0x02,0x04,0x02,0x04,0x02,0x7f,0xfe,0x04,0x20,0x14,0x20,0x17,0xa0,0x14,0x21,0x1c,0x11,0x14,0x0f,0x26,0x00,0x21,0xc0,0x40,0x3f},
    {0x0a,0x20,0x09,0x20,0x09,0x20,0x0b,0xf8,0x10,0x48,0x10,0x48,0x10,0xfc,0x30,0x84,0x51,0x04,0x11,0xfe,0x12,0x12,0x15,0x4a,0x1a,0xaa,0x12,0xa2,0x14,0x02,0x10,0x0c},
    {0x04,0x10,0x02,0x20,0x3f,0xfe,0x00,0x80,0x1f,0xfc,0x00,0x80,0x7f,0xff,0x03,0x28,0x3c,0x24,0x04,0x20,0x7f,0xff,0x04,0x12,0x07,0x94,0x7c,0x09,0x04,0x35,0x0c,0xc3},
    {0x01,0x00,0x01,0x00,0x01,0xf0,0x02,0x10,0x02,0x10,0x04,0x20,0x08,0x20,0x10,0x40,0x00,0x40,0x00,0xc0,0x00,0xa0,0x01,0x20,0x02,0x10,0x04,0x08,0x18,0x04,0x60,0x03},
    {0x08,0x40,0x08,0x40,0x08,0x40,0x08,0x40,0x17,0xfe,0x10,0xe0,0x10,0xe0,0x31,0x50,0x51,0x50,0x12,0x48,0x12,0x44,0x14,0x42,0x18,0x41,0x10,0x40,0x10,0x40,0x10,0x40},
    {0x00,0x00,0x01,0xf8,0x7c,0x88,0x44,0x90,0x44,0x90,0x44,0xbc,0x44,0xc4,0x44,0xc4,0x44,0xa4,0x45,0x28,0x7d,0x28,0x01,0x10,0x02,0x28,0x02,0x44,0x04,0x82,0x09,0x01},
    {0x00,0x80,0x00,0x80,0x00,0x80,0x1f,0xfc,0x00,0x80,0x00,0x80,0x00,0x80,0x00,0x80,0x7f,0xff,0x01,0x00,0x01,0x20,0x02,0x10,0x02,0x08,0x04,0xf8,0x3f,0x04,0x00,0x04},
    {0x11,0x00,0x11,0x1c,0x11,0x14,0x11,0x14,0x7f,0xd4,0x12,0x54,0x12,0x54,0x15,0x54,0x14,0x94,0x18,0xa4,0x71,0xa5,0x11,0x45,0x12,0x43,0x14,0x20,0x18,0x18,0x30,0x07},
    {0x00,0x40,0x7c,0x50,0x04,0x8c,0x07,0xfa,0x04,0x21,0x3c,0x20,0x21,0xfc,0x21,0x24,0x3d,0x24,0x05,0x24,0x05,0xfc,0x04,0x24,0x04,0x22,0x04,0x3e,0x0b,0xc1,0x30,0x01},
    {0x00,0x00,0x7f,0xf8,0x11,0x08,0x11,0x08,0x11,0x48,0x15,0x28,0x19,0x2a,0x62,0x0a,0x04,0x06,0x01,0x00,0x04,0x80,0x14,0x48,0x14,0x44,0x24,0x12,0x42,0x12,0x01,0xf0},
    {0x08,0x0c,0x09,0xf0,0x08,0x20,0x7f,0xff,0x08,0x48,0x08,0xfc,0x19,0x4b,0x1c,0x78,0x2a,0x00,0x2b,0xfe,0x49,0x02,0x09,0x7a,0x09,0x4a,0x09,0x7a,0x09,0x02,0x09,0x06},
    {0x01,0x20,0x09,0x24,0x05,0x28,0x7f,0xff,0x04,0x08,0x02,0x10,0x3f,0xff,0x00,0x80,0x1f,0xfe,0x00,0x80,0x7f,0xff,0x02,0xa0,0x04,0x90,0x18,0x8c,0x60,0x83,0x00,0x80},
    {0x00,0x80,0x00,0x80,0x01,0x40,0x02,0x20,0x04,0x10,0x18,0x0c,0x67,0xf3,0x00,0x80,0x00,0x80,0x1f,0xfe,0x00,0x80,0x08,0x88,0x04,0x88,0x04,0x90,0x3f,0xfe,0x00,0x00},
    {0x00,0x00,0x3f,0x7f,0x24,0x40,0x24,0x42,0x3f,0x42,0x24,0x52,0x3f,0x4c,0x24,0x44,0x24,0x44,0x3f,0xca,0x04,0xca,0x32,0xd2,0x2a,0xe0,0x28,0xc0,0x41,0x7f,0x06,0x40},
    {0x01,0x00,0x01,0x00,0x7f,0xfe,0x42,0x42,0x4c,0x7c,0x30,0x00,0x1f,0xfc,0x10,0x04,0x1f,0xfc,0x14,0x48,0x14,0x48,0x17,0xf8,0x28,0x44,0x28,0x44,0x4f,0xfc,0x00,0x00},
    {0x08,0x00,0x08,0x7c,0x0a,0x44,0x72,0x44,0x14,0x7c,0x09,0xef,0x0d,0x29,0x13,0x29,0x7d,0xef,0x08,0x10,0x2d,0xff,0x2a,0x38,0x2a,0x54,0x2a,0x92,0x49,0x11,0x08,0x10},
    {0x00,0x00,0x3f,0xfe,0x20,0x82,0x20,0x82,0x1f,0xfc,0x00,0x80,0x1f,0xfc,0x10,0x84,0x1f,0xfc,0x10,0x84,0x10,0x84,0x1f,0xfc,0x00,0x80,0x7f,0xff,0x00,0x80,0x00,0x80},
    {0x04,0x06,0x04,0x38,0x07,0xc0,0x08,0x48,0x08,0x88,0x13,0x10,0x10,0xa0,0x30,0x48,0x50,0x84,0x17,0xfe,0x10,0x22,0x11,0x28,0x11,0x24,0x12,0x22,0x14,0x22,0x10,0x20},
    {0x08,0x00,0x08,0xfc,0x0a,0x44,0x72,0x24,0x14,0x28,0x08,0x18,0x0c,0x24,0x12,0xc3,0x7d,0x10,0x09,0x10,0x28,0xfe,0x2a,0x10,0x29,0x10,0x29,0x10,0x49,0xff,0x08,0x00},
    {0x00,0x10,0x3f,0x10,0x00,0x10,0x7f,0x90,0x00,0x10,0x3f,0x10,0x00,0xff,0x00,0x10,0x3f,0x10,0x00,0x10,0x3f,0x10,0x21,0x10,0x21,0x10,0x21,0x10,0x3f,0x10,0x00,0x10},
    {0x01,0x00,0x01,0x00,0x01,0x00,0x7f,0xfe,0x40,0x02,0x40,0x02,0x43,0xe2,0x00,0x20,0x04,0x20,0x04,0x20,0x04,0x20,0x08,0x10,0x08,0x10,0x10,0x08,0x20,0x04,0x40,0x02},
    {0x00,0x00,0x0f,0xf8,0x08,0x08,0x08,0x08,0x08,0x08,0x0f,0xf8,0x08,0x08,0x08,0x08,0x08,0x08,0x0f,0xf8,0x08,0x08,0x08,0x08,0x10,0x08,0x10,0x08,0x20,0x08,0x40,0x38},
    {0x04,0x20,0x05,0x20,0x05,0x20,0x09,0x20,0x09,0xfe,0x12,0x20,0x12,0x20,0x34,0x20,0x50,0x20,0x13,0xff,0x10,0x20,0x10,0x20,0x10,0x20,0x10,0x20,0x10,0x20,0x10,0x20},
    {0x08,0x80,0x08,0x80,0x08,0xfe,0x7f,0x20,0x09,0x20,0x0b,0xff,0x18,0x48,0x1c,0x50,0x1a,0xfe,0x28,0x90,0x29,0xfe,0x4a,0x90,0x08,0xfe,0x08,0x90,0x08,0xff,0x08,0x00},
    {0x00,0x00,0x01,0xfc,0x7d,0x04,0x11,0x04,0x11,0xfc,0x11,0x04,0x7d,0xfc,0x11,0x04,0x11,0x04,0x11,0xfc,0x10,0x50,0x1c,0x50,0x60,0x90,0x01,0x11,0x06,0x11,0x18,0x0f},
    {0x00,0x00,0x3c,0xfc,0x24,0x84,0x24,0x84,0x28,0xfc,0x30,0x84,0x28,0x84,0x24,0xfe,0x22,0xa2,0x22,0x94,0x22,0x94,0x32,0x88,0x2c,0x88,0x20,0xa4,0x20,0xc2,0x23,0x01},
    {0x08,0x40,0x08,0x48,0x10,0x88,0x13,0x10,0x24,0xd0,0x44,0x24,0x08,0x42,0x0b,0xfd,0x10,0x41,0x10,0xfc,0x31,0x88,0x56,0x48,0x10,0x30,0x10,0x70,0x11,0x8c,0x16,0x03},
    {0x00,0x80,0x00,0x80,0x08,0x88,0x04,0x88,0x04,0x90,0x04,0xa0,0x00,0x80,0x7f,0xff,0x01,0x20,0x01,0x20,0x01,0x20,0x02,0x20,0x02,0x20,0x04,0x21,0x08,0x11,0x30,0x0f},
    {0x04,0x10,0x04,0x10,0x04,0x10,0x7f,0x90,0x12,0x7e,0x11,0x12,0x11,0x12,0x29,0x92,0x2a,0x12,0x46,0x12,0x02,0x22,0x05,0x22,0x09,0x42,0x10,0x42,0x20,0x82,0x41,0x0c},
    {0x00,0x40,0x00,0x40,0x00,0x40,0x1f,0xff,0x10,0x00,0x10,0x80,0x10,0x80,0x10,0x80,0x10,0x80,0x10,0x80,0x11,0x10,0x11,0x08,0x11,0x04,0x22,0x7c,0x2f,0x82,0x40,0x02},
    {0x00,0x00,0x7f,0xff,0x00,0x80,0x1f,0xf8,0x10,0x88,0x10,0x88,0x1f,0xf8,0x10,0x88,0x10,0x88,0x1f,0xf8,0x04,0x80,0x02,0x80,0x01,0x00,0x02,0xc0,0x0c,0x38,0x70,0x07},
    {0x00,0x80,0x00,0x84,0x1f,0xfc,0x00,0x88,0x00,0x90,0x7f,0xff,0x00,0x40,0x00,0x80,0x03,0xfc,0x0e,0x00,0x72,0x00,0x03,0xf8,0x02,0x08,0x00,0x08,0x00,0x08,0x00,0x30},
    {0x04,0x00,0x04,0xfe,0x08,0x00,0x08,0x00,0x12,0x00,0x22,0x00,0x05,0xff,0x04,0x08,0x08,0x08,0x18,0x08,0x28,0x08,0x48,0x08,0x08,0x08,0x08,0x08,0x08,0x08,0x08,0x18},
    {0x00,0x20,0x3c,0x20,0x24,0x7c,0x24,0xc4,0x2b,0x28,0x30,0x30,0x28,0xcc,0x2b,0x13,0x24,0x10,0x25,0xfe,0x24,0x90,0x24,0x90,0x3b,0xff,0x20,0x10,0x20,0x10,0x20,0x10},
    {0x00,0x80,0x00,0x80,0x01,0x40,0x02,0x20,0x04,0x10,0x18,0x0c,0x67,0xf3,0x00,0x00,0x00,0x00,0x0f,0xf8,0x08,0x08,0x08,0x08,0x08,0x08,0x08,0x08,0x0f,0xf8,0x00,0x00},
    {0x00,0x00,0x3f,0xfe,0x20,0x02,0x2f,0xfa,0x20,0x82,0x20,0x82,0x20,0x82,0x27,0xf2,0x20,0x82,0x20,0xa2,0x20,0x92,0x20,0x92,0x2f,0xfa,0x20,0x02,0x3f,0xfe,0x00,0x00},
    {0x04,0x00,0x39,0x7c,0x26,0x44,0x1c,0x7c,0x76,0x44,0x09,0x7e,0x33,0x52,0x05,0x54,0x19,0x48,0x62,0x74,0x0c,0xc3,0x00,0x80,0x1f,0xfc,0x00,0x80,0x7f,0xff,0x00,0x00},
    {0x01,0x00,0x01,0x00,0x01,0x00,0x7f,0xfe,0x01,0x00,0x02,0x00,0x02,0x00,0x02,0x00,0x07,0xfc,0x04,0x40,0x08,0x40,0x10,0x40,0x20,0x40,0x40,0x40,0x1f,0xff,0x00,0x00},
    {0x08,0x10,0x08,0x92,0x14,0x52,0x12,0x54,0x21,0x7e,0x7e,0x42,0x08,0x42,0x08,0x7e,0x7f,0x42,0x08,0x7e,0x4a,0x42,0x2c,0x42,0x28,0x7e,0x0f,0x14,0x18,0x62,0x61,0x81},
    {0x00,0x00,0x3f,0xfe,0x00,0x80,0x00,0x80,0x0f,0xf8,0x08,0x88,0x08,0x88,0x0f,0xf8,0x08,0x88,0x08,0x88,0x08,0x88,0x7f,0xff,0x08,0x08,0x08,0x08,0x08,0x08,0x08,0x18},
    {0x00,0x00,0x0f,0xf8,0x08,0x08,0x0f,0xf8,0x08,0x08,0x0f,0xf8,0x00,0x00,0x7f,0xff,0x11,0x00,0x1f,0x7c,0x11,0x44,0x1f,0x28,0x11,0x18,0x1f,0x24,0x61,0xc2,0x01,0x01},
    {0x08,0x42,0x08,0x42,0x10,0x84,0x21,0x08,0x10,0x84,0x08,0x42,0x08,0x42,0x00,0x84,0x08,0x84,0x08,0x88,0x09,0x50,0x11,0x40,0x02,0x20,0x04,0x10,0x08,0x0c,0x70,0x03},
    {0x08,0x00,0x08,0xfe,0x0a,0x92,0x72,0x92,0x14,0x92,0x08,0x92,0x0c,0x92,0x12,0xfe,0x7d,0x92,0x08,0x92,0x2c,0x92,0x2a,0x92,0x2a,0x92,0x2a,0x92,0x48,0xfe,0x08,0x00},
    {0x01,0x00,0x01,0x00,0x01,0x00,0x7f,0xff,0x02,0x20,0x02,0x20,0x0c,0x20,0x0c,0x20,0x0b,0xfe,0x18,0x20,0x28,0x20,0x48,0x20,0x08,0x20,0x08,0x20,0x0f,0xff,0x08,0x00},
    {0x04,0x80,0x04,0x80,0x04,0x80,0x08,0xff,0x09,0x20,0x19,0x20,0x1a,0x20,0x2c,0x3e,0x48,0x20,0x08,0x20,0x08,0x20,0x08,0x3e,0x08,0x20,0x08,0x20,0x08,0x20,0x08,0x20},
    {0x08,0x02,0x49,0x22,0x29,0x22,0x2a,0x22,0x08,0x22,0x3f,0x22,0x21,0x22,0x21,0x22,0x3f,0x22,0x21,0x22,0x21,0x22,0x3f,0x22,0x21,0x02,0x21,0x02,0x21,0x02,0x23,0x06},
    {0x08,0x00,0x09,0xfe,0x09,0x52,0x7f,0x52,0x09,0x52,0x09,0x52,0x1d,0x52,0x1b,0xff,0x19,0x52,0x29,0x52,0x29,0x52,0x49,0x52,0x09,0x52,0x09,0x52,0x09,0x52,0x09,0x06},
    {0x00,0x00,0x1f,0xfc,0x00,0x00,0x00,0x00,0x00,0x00,0x00,0x00,0x00,0x00,0x0f,0xf8,0x00,0x00,0x00,0x00,0x00,0x00,0x00,0x00,0x00,0x00,0x7f,0xff,0x00,0x00,0x00,0x00},
    {0x01,0x00,0x01,0x60,0x02,0x18,0x1f,0xe4,0x01,0x00,0x7f,0xff,0x02,0x20,0x04,0x50,0x19,0x8c,0x6e,0x23,0x00,0x40,0x01,0x88,0x1e,0x10,0x00,0x60,0x01,0x80,0x1e,0x00},
    {0x00,0x20,0x7f,0x24,0x10,0x22,0x10,0x22,0x11,0xff,0x1e,0x20,0x12,0xfe,0x22,0x20,0x32,0x20,0x4d,0xff,0x04,0x12,0x08,0x0c,0x08,0x19,0x10,0x25,0x20,0xc3,0x43,0x01},
    {0x04,0x20,0x04,0x20,0x07,0xff,0x08,0x20,0x08,0x20,0x13,0xfe,0x12,0x22,0x32,0x22,0x52,0x22,0x13,0xfe,0x10,0xa0,0x10,0x40,0x10,0x60,0x10,0x90,0x13,0x0c,0x1c,0x03},
    {0x00,0x00,0x7f,0xfc,0x00,0x04,0x00,0x04,0x3f,0xe4,0x00,0x04,0x00,0x04,0x1f,0xc4,0x10,0x44,0x10,0x44,0x10,0x44,0x1f,0xc4,0x00,0x04,0x00,0x04,0x00,0x08,0x00,0x30},
    {0x08,0x10,0x08,0x10,0x08,0x10,0x08,0x24,0x7f,0x22,0x12,0x42,0x12,0x4f,0x13,0xf1,0x22,0x01,0x3c,0x00,0x44,0x7e,0x06,0x42,0x0a,0x42,0x10,0x42,0x60,0x7e,0x00,0x00},
    {0x00,0x80,0x00,0x80,0x00,0x80,0x7f,0xff,0x00,0x80,0x00,0x80,0x00,0x80,0x1f,0xfc,0x00,0x80,0x02,0x40,0x12,0x24,0x12,0x22,0x12,0x01,0x22,0x09,0x41,0x08,0x00,0xf8},
    {0x00,0x00,0x1f,0xfc,0x10,0x84,0x10,0x84,0x1f,0xfc,0x10,0x84,0x10,0x84,0x10,0x84,0x1f,0xfc,0x00,0x80,0x12,0x40,0x12,0x24,0x12,0x22,0x22,0x09,0x41,0x09,0x00,0xf8},
    {0x08,0x80,0x08,0x86,0x08,0xf8,0x08,0x80,0x7f,0x81,0x08,0x81,0x08,0x7f,0x08,0x00,0x0e,0xfe,0x78,0x82,0x08,0x82,0x08,0xfe,0x08,0x82,0x08,0x82,0x08,0xfe,0x18,0x00},
    {0x00,0x80,0x00,0x80,0x00,0x80,0x00,0x80,0x08,0x80,0x08,0x80,0x08,0xfc,0x08,0x80,0x08,0x80,0x08,0x80,0x08,0x80,0x08,0x80,0x08,0x80,0x08,0x80,0x7f,0xff,0x00,0x00},
    {0x00,0x00,0x7f,0xff,0x08,0x40,0x08,0x40,0x0f,0x44,0x09,0x44,0x11,0x48,0x11,0x50,0x2a,0x60,0x46,0x40,0x04,0x40,0x04,0x40,0x08,0x42,0x10,0x42,0x20,0x3e,0x40,0x00},
    {0x00,0x08,0x3e,0x0c,0x00,0x0a,0x7f,0x08,0x00,0xff,0x3e,0x08,0x00,0x08,0x01,0xf8,0x3e,0x48,0x00,0x48,0x3e,0x48,0x22,0x54,0x22,0x65,0x23,0x85,0x3e,0x03,0x00,0x01},
    {0x20,0x80,0x18,0xfe,0x01,0x22,0x06,0x24,0x18,0xd0,0x63,0x0c,0x0f,0xfa,0x08,0x08,0x0f,0xf8,0x08,0x08,0x0f,0xf8,0x08,0x08,0x0f,0xf8,0x02,0x30,0x0c,0x08,0x30,0x04},
    {0x00,0x80,0x00,0x80,0x7f,0xfe,0x40,0x02,0x40,0x02,0x0f,0xf0,0x00,0x20,0x00,0xc0,0x00,0x80,0x7f,0xff,0x00,0x80,0x00,0x80,0x00,0x80,0x00,0x80,0x00,0x80,0x01,0x80},
    {0x08,0x20,0x08,0x20,0x09,0xfe,0x08,0x20,0x7e,0x20,0x08,0x20,0x0b,0xff,0x08,0x04,0x08,0x04,0x0f,0xff,0x78,0x84,0x08,0x44,0x08,0x44,0x08,0x04,0x08,0x04,0x18,0x0c},
    {0x00,0x20,0x00,0x20,0x7d,0xfe,0x44,0x20,0x44,0x20,0x44,0x20,0x47,0xff,0x7c,0x04,0x44,0x04,0x47,0xff,0x45,0x04,0x44,0x84,0x7c,0x84,0x00,0x04,0x00,0x04,0x00,0x0c},
    {0x01,0x00,0x01,0x00,0x21,0x00,0x21,0x00,0x11,0xff,0x11,0x21,0x02,0x22,0x02,0x24,0x14,0x20,0x10,0x20,0x20,0x50,0x20,0x50,0x40,0x88,0x41,0x04,0x46,0x02,0x18,0x01},
    {0x00,0x00,0x00,0x00,0x1f,0xfc,0x00,0x00,0x00,0x00,0x00,0x00,0x7f,0xff,0x00,0x80,0x04,0x90,0x04,0x88,0x08,0x84,0x08,0x84,0x10,0x82,0x20,0x82,0x40,0x80,0x01,0x80},
    {0x01,0x00,0x01,0x00,0x02,0x00,0x1f,0xfc,0x10,0x04,0x10,0x04,0x10,0x04,0x1f,0xfc,0x10,0x04,0x10,0x04,0x1f,0xfc,0x10,0x04,0x10,0x04,0x10,0x04,0x1f,0xfc,0x00,0x00},
    {0x01,0x00,0x01,0x00,0x7f,0xfe,0x40,0x02,0x41,0x02,0x3f,0xf8,0x01,0x00,0x01,0x00,0x1f,0xf0,0x01,0x00,0x01,0x00,0x7f,0xfe,0x02,0x40,0x04,0x20,0x18,0x18,0x60,0x06},
    {0x10,0x20,0x10,0x20,0x10,0x50,0x7c,0x88,0x11,0x24,0x16,0x23,0x11,0xfc,0x10,0x20,0x1c,0x20,0x73,0xff,0x10,0x00,0x11,0xfc,0x11,0x04,0x11,0x04,0x11,0xfc,0x30,0x00},
    {0x00,0x80,0x00,0x84,0x1f,0xf8,0x00,0x90,0x00,0xa0,0x00,0xc0,0x7f,0xff,0x01,0x00,0x03,0xf8,0x06,0x08,0x1a,0x08,0x63,0xf8,0x02,0x08,0x02,0x08,0x03,0xf8,0x00,0x00},
    {0x00,0x00,0x3f,0x7c,0x12,0x44,0x12,0x44,0x12,0x48,0x12,0x50,0x7f,0xc8,0x06,0x44,0x06,0x44,0x0a,0x42,0x0a,0x42,0x12,0x62,0x22,0x5c,0x42,0x40,0x02,0x40,0x06,0x40},
    {0x00,0x08,0x00,0x30,0x0f,0xc0,0x00,0x80,0x00,0x80,0x00,0x80,0x3f,0xfe,0x00,0x80,0x00,0x80,0x00,0x80,0x7f,0xff,0x00,0x80,0x00,0x80,0x00,0x80,0x00,0x80,0x01,0x80},
    {0x02,0x04,0x0c,0x18,0x79,0xe0,0x08,0x20,0x0b,0xff,0x08,0x20,0x7f,0xfc,0x09,0x24,0x1d,0xfc,0x1b,0x24,0x29,0xfc,0x28,0x20,0x49,0xfe,0x08,0x20,0x0f,0xff,0x08,0x00},
    {0x01,0x00,0x01,0x00,0x3f,0xfe,0x01,0x00,0x1f,0xf8,0x01,0x00,0x7f,0xfe,0x02,0x10,0x02,0x10,0x7f,0xff,0x04,0x10,0x05,0x10,0x08,0x90,0x10,0x90,0x20,0x10,0x00,0x30},
    {0x10,0x84,0x10,0x84,0x13,0xe4,0x7c,0x84,0x17,0xff,0x10,0x04,0x3b,0xc4,0x36,0x64,0x36,0x54,0x53,0xd4,0x50,0x44,0x12,0x44,0x11,0xb4,0x11,0xc4,0x17,0x04,0x10,0x0c},
    {0x04,0x00,0x04,0x00,0x27,0xfc,0x24,0x84,0x24,0x84,0x24,0x84,0x24,0x84,0x24,0x48,0x24,0x48,0x24,0x30,0x26,0x30,0x3c,0x28,0xc4,0x48,0x04,0x84,0x05,0x02,0x04,0x01},
    {0x00,0x00,0x1f,0xfe,0x10,0x42,0x10,0x42,0x17,0xfa,0x10,0x42,0x10,0x42,0x1f,0xfe,0x10,0x02,0x13,0xf2,0x12,0x12,0x12,0x12,0x12,0x12,0x23,0xf2,0x20,0x02,0x40,0x06},
    {0x08,0x04,0x08,0x84,0x08,0x84,0x08,0x84,0x08,0x84,0x2c,0xa4,0x2a,0x94,0x2a,0x94,0x2a,0x94,0x48,0x84,0x08,0x84,0x10,0x84,0x10,0x84,0x10,0x84,0x20,0x04,0x40,0x04},
    {0x04,0x40,0x04,0x40,0x04,0x7f,0x08,0x88,0x09,0x88,0x16,0x50,0x14,0x30,0x34,0xcc,0x57,0x13,0x14,0x64,0x15,0x98,0x14,0x62,0x15,0x84,0x14,0x18,0x10,0x60,0x13,0x80},
    {0x08,0x20,0x08,0x20,0x12,0x3c,0x62,0x44,0x14,0x48,0x08,0xa8,0x0d,0x18,0x12,0x24,0x7d,0x42,0x09,0x81,0x28,0x38,0x2a,0x04,0x29,0x00,0x29,0x70,0x48,0x0c,0x08,0x02},
    {0x08,0x20,0x08,0x40,0x0f,0xfe,0x18,0x40,0x1f,0xfc,0x28,0x40,0x4f,0xfc,0x08,0x40,0x0f,0xfe,0x00,0x80,0x7f,0xff,0x01,0xc0,0x02,0xa0,0x0c,0x98,0x70,0x87,0x00,0x80},
    {0x00,0x80,0x00,0x80,0x10,0x84,0x10,0x84,0x10,0x84,0x10,0x84,0x1f,0xfc,0x00,0x80,0x00,0x80,0x20,0x82,0x20,0x82,0x20,0x82,0x20,0x82,0x20,0x82,0x3f,0xfe,0x00,0x00},
    {0x08,0x10,0x08,0x13,0x12,0x1c,0x63,0xf0,0x14,0x10,0x08,0x52,0x0c,0x52,0x12,0x52,0x7d,0x52,0x09,0x52,0x28,0x7e,0x2a,0x10,0x29,0x10,0x29,0x11,0x48,0x11,0x08,0x0f},
    {0x00,0x00,0x2b,0xff,0x2a,0x10,0x2a,0x20,0x2a,0x7e,0x2a,0x42,0x2a,0x42,0x2a,0x7e,0x2a,0x42,0x2a,0x7e,0x2a,0x42,0x2a,0x42,0x2a,0x7e,0x22,0x2c,0x22,0xc2,0x43,0x01},
    {0x08,0x00,0x08,0x00,0x09,0xfe,0x7e,0x22,0x02,0x22,0x04,0x22,0x05,0x22,0x09,0x22,0x0e,0x22,0x1a,0x22,0x29,0x22,0x49,0x42,0x08,0x42,0x08,0x82,0x09,0x02,0x0a,0x0c},
    {0x00,0x02,0x3f,0x8c,0x00,0x70,0x00,0x40,0x1f,0x40,0x11,0x7f,0x11,0x44,0x11,0x44,0x1f,0x44,0x10,0x44,0x10,0x44,0x10,0x84,0x10,0x84,0x21,0x04,0x22,0x04,0x40,0x04},
    {0x00,0x20,0x3e,0x20,0x22,0x20,0x22,0x20,0x23,0xfe,0x3e,0x22,0x22,0x22,0x22,0x22,0x3e,0x22,0x22,0x22,0x22,0x42,0x23,0x42,0x26,0x42,0x38,0x82,0x61,0x04,0x02,0x18},
    {0x00,0x20,0x3c,0x20,0x24,0x50,0x24,0x50,0x28,0x88,0x31,0x04,0x2a,0xfa,0x28,0x21,0x24,0x20,0x27,0xfe,0x24,0x20,0x24,0xa8,0x38,0xa4,0x21,0x22,0x22,0x22,0x20,0x60},
    {0x00,0x20,0x3d,0x24,0x24,0xa8,0x24,0x20,0x25,0xfe,0x3c,0x20,0x24,0x30,0x27,0xff,0x24,0x48,0x3c,0xa4,0x25,0xfe,0x26,0x25,0x24,0x24,0x24,0x44,0x24,0x84,0x4d,0x18},
    {0x00,0x80,0x00,0x80,0x7f,0xff,0x04,0x10,0x02,0x20,0x3f,0xfe,0x22,0x22,0x22,0x26,0x24,0x1e,0x2b,0xe2,0x32,0x22,0x22,0x22,0x23,0xe2,0x20,0x02,0x20,0x02,0x20,0x06},
    {0x01,0x00,0x01,0x00,0x01,0x00,0x01,0x00,0x01,0x00,0x09,0x20,0x09,0x10,0x09,0x08,0x11,0x08,0x11,0x04,0x21,0x04,0x41,0x04,0x01,0x00,0x01,0x00,0x01,0x00,0x03,0x00},
    {0x00,0x00,0x3f,0xfe,0x22,0x22,0x22,0x22,0x22,0x42,0x3e,0x8c,0x23,0x00,0x22,0xfe,0x22,0x82,0x22,0x82,0x3e,0x82,0x00,0xfe,0x10,0x00,0x12,0x24,0x21,0x12,0x41,0x11},
    {0x00,0x00,0x3e,0xfe,0x00,0x10,0x7f,0x10,0x00,0x10,0x3e,0x90,0x00,0x90,0x00,0x9e,0x3e,0x90,0x00,0x90,0x3e,0x90,0x22,0x90,0x22,0x90,0x22,0x90,0x3f,0xff,0x00,0x00},
    {0x00,0x84,0x3e,0x44,0x00,0x48,0x7f,0xfe,0x00,0x10,0x3e,0x10,0x00,0x10,0x00,0xfe,0x3e,0x10,0x00,0x10,0x3e,0x10,0x23,0xff,0x22,0x10,0x22,0x10,0x3e,0x10,0x00,0x10},
    {0x00,0x20,0x3c,0x20,0x25,0xfe,0x24,0x84,0x28,0x48,0x37,0xff,0x28,0x00,0x29,0xfc,0x25,0x04,0x25,0xfc,0x25,0x04,0x25,0xfc,0x38,0x20,0x23,0xff,0x20,0x20,0x20,0x20},
    {0x00,0x80,0x00,0x80,0x00,0x80,0x00,0x80,0x00,0x80,0x00,0x80,0x00,0xfc,0x00,0x80,0x00,0x80,0x00,0x80,0x00,0x80,0x00,0x80,0x00,0x80,0x00,0x80,0x7f,0xff,0x00,0x00},
    {0x00,0x40,0x00,0x40,0x00,0x40,0x3f,0xff,0x00,0x40,0x04,0x40,0x04,0x40,0x02,0x40,0x02,0x80,0x01,0x80,0x00,0x80,0x01,0x40,0x02,0x20,0x04,0x10,0x18,0x0c,0x60,0x03},
    {0x00,0x00,0x10,0xfc,0x10,0x84,0x10,0xfc,0x10,0x84,0x7e,0xfc,0x10,0x00,0x17,0xff,0x10,0x80,0x10,0xfe,0x15,0x4a,0x1a,0x4a,0x10,0x92,0x61,0x12,0x02,0x22,0x00,0x4c},
    {0x08,0x20,0x08,0x20,0x0b,0xfe,0x08,0x20,0x0d,0xfc,0x2a,0x20,0x2b,0xff,0x28,0x00,0x28,0xfc,0x48,0x84,0x08,0xfc,0x08,0x84,0x08,0xfc,0x08,0x84,0x08,0x84,0x08,0x8c},
    {0x00,0x80,0x00,0x80,0x01,0xf8,0x02,0x10,0x0d,0x20,0x30,0xc0,0x03,0x20,0x0c,0x98,0x70,0x87,0x1f,0xfc,0x01,0xc0,0x02,0xa0,0x04,0x90,0x18,0x8c,0x60,0x83,0x00,0x80},
    {0x04,0x20,0x04,0x24,0x24,0x22,0x24,0x22,0x14,0x20,0x17,0xff,0x04,0x20,0x04,0x20,0x0c,0x50,0x14,0x50,0x14,0x50,0x24,0x88,0x44,0x88,0x05,0x04,0x06,0x02,0x04,0x01},
    {0x04,0x00,0x05,0xfc,0x04,0x04,0x08,0xfc,0x08,0x04,0x11,0xfc,0x10,0x00,0x37,0xff,0x54,0x01,0x17,0xf9,0x10,0x88,0x10,0x50,0x10,0x20,0x10,0x50,0x11,0x8c,0x16,0x03},
    {0x04,0x02,0x04,0x0c,0x7f,0x70,0x22,0x40,0x12,0x40,0x14,0x7f,0x7f,0xc4,0x08,0x44,0x08,0x44,0x7f,0x44,0x0c,0x44,0x1a,0x44,0x19,0x84,0x28,0x84,0x49,0x04,0x08,0x04},
    {0x10,0x00,0x0b,0xff,0x0a,0x51,0x02,0x51,0x40,0x92,0x20,0x8e,0x23,0x20,0x00,0x20,0x07,0xff,0x08,0x20,0x08,0x70,0x10,0xa8,0x11,0x24,0x26,0x23,0x20,0x20,0x40,0x20},
    {0x08,0x10,0x08,0x10,0x08,0x10,0x7f,0xfe,0x02,0x92,0x04,0x92,0x04,0xfe,0x08,0x92,0x1c,0x92,0x2a,0x92,0x49,0xfe,0x09,0x10,0x08,0x10,0x08,0x10,0x08,0x10,0x08,0x10},
    {0x00,0x80,0x00,0x80,0x00,0x80,0x00,0x80,0x00,0x80,0x00,0x80,0x00,0x80,0x01,0x40,0x01,0x40,0x02,0x20,0x02,0x20,0x04,0x10,0x08,0x08,0x10,0x04,0x20,0x02,0x40,0x01},
    {0x00,0x20,0x3c,0x20,0x27,0xff,0x24,0x20,0x29,0xfc,0x31,0x24,0x29,0x24,0x25,0xfc,0x25,0x24,0x25,0x24,0x25,0xfc,0x24,0x20,0x3b,0xff,0x20,0x20,0x20,0x20,0x20,0x20},
    {0x00,0x80,0x00,0x80,0x7c,0x80,0x44,0xfe,0x45,0x02,0x45,0x24,0x46,0x28,0x44,0x20,0x44,0x20,0x44,0x20,0x44,0x50,0x7c,0x50,0x00,0x88,0x01,0x04,0x06,0x02,0x18,0x01},
    {0x04,0xa0,0x24,0xa0,0x15,0x20,0x15,0x3f,0x7f,0xa4,0x0e,0x44,0x15,0xa4,0x24,0xa4,0x44,0x14,0x7f,0x98,0x09,0x08,0x11,0x18,0x3e,0x14,0x06,0x24,0x19,0x42,0x60,0x81},
    {0x02,0x02,0x12,0x12,0x12,0x12,0x1f,0xd2,0x22,0x12,0x22,0x12,0x7f,0xf2,0x02,0x12,0x1f,0xd2,0x12,0x52,0x12,0x52,0x12,0x52,0x12,0x42,0x13,0x82,0x12,0x02,0x02,0x06},
    {0x00,0x24,0x00,0x22,0x00,0x22,0x1f,0xff,0x10,0x20,0x10,0x20,0x10,0x24,0x1f,0x24,0x11,0x14,0x11,0x14,0x11,0x18,0x11,0x18,0x11,0x29,0x26,0x45,0x20,0x83,0x40,0x01},
    {0x04,0x20,0x7f,0xa0,0x04,0x3f,0x3f,0x64,0x25,0x54,0x3f,0x94,0x0e,0x08,0x15,0x34,0x64,0xc2,0x04,0x01,0x1f,0xfc,0x00,0x80,0x08,0xf8,0x08,0x80,0x7f,0xff,0x00,0x00},
    {0x00,0x00,0x0f,0xf8,0x08,0x08,0x0f,0xf8,0x08,0x08,0x08,0x08,0x0f,0xf8,0x04,0x80,0x04,0x80,0x0f,0xfc,0x10,0x80,0x2f,0xfc,0x00,0x80,0x00,0x80,0x7f,0xff,0x00,0x00},
    {0x00,0x80,0x08,0x80,0x08,0x80,0x08,0x80,0x0f,0xfe,0x10,0x80,0x10,0x80,0x20,0x80,0x40,0x80,0x1f,0xfc,0x00,0x80,0x00,0x80,0x00,0x80,0x00,0x80,0x7f,0xff,0x00,0x00},
    {0x02,0x20,0x0d,0xfe,0x78,0x20,0x09,0xfc,0x08,0x20,0x7f,0xff,0x08,0x00,0x08,0xfc,0x1c,0x84,0x1a,0xfc,0x2a,0x84,0x28,0xfc,0x48,0x84,0x08,0xfc,0x08,0x4c,0x09,0x82},
    {0x08,0x10,0x09,0xff,0x0a,0x10,0x72,0xfe,0x14,0x10,0x09,0xff,0x0c,0x00,0x12,0x7c,0x7d,0x44,0x09,0x7c,0x28,0x44,0x2a,0x7c,0x29,0x44,0x29,0x7c,0x48,0x4c,0x09,0x82},
    {0x10,0x00,0x11,0xfe,0x10,0x22,0x10,0x22,0x13,0x22,0x1c,0x22,0x70,0x22,0x10,0x22,0x10,0x22,0x10,0x22,0x12,0x42,0x12,0x42,0x0e,0x82,0x01,0x02,0x02,0x04,0x0c,0x18},
    {0x10,0x20,0x10,0x20,0x13,0xfe,0x11,0x08,0x7c,0x88,0x10,0x90,0x17,0xff,0x10,0x40,0x10,0x40,0x1f,0xff,0x70,0x88,0x10,0x88,0x13,0xd0,0x10,0x30,0x10,0xcc,0x37,0x02},
    {0x00,0x00,0x3e,0x7c,0x00,0x44,0x7f,0x44,0x00,0x45,0x3e,0x85,0x01,0x03,0x3e,0x00,0x01,0xfc,0x00,0x44,0x3e,0x48,0x22,0x28,0x22,0x10,0x22,0x28,0x3e,0xc4,0x03,0x03},
    {0x00,0x84,0x1c,0x44,0x00,0x44,0x7f,0x28,0x00,0xfc,0x3e,0x84,0x00,0x84,0x3e,0x84,0x00,0xfc,0x00,0x28,0x3e,0x28,0x22,0x28,0x22,0x48,0x22,0x49,0x3e,0x89,0x01,0x07},
    {0x01,0x00,0x01,0x00,0x01,0x00,0x01,0x00,0x01,0xff,0x01,0x00,0x01,0x00,0x01,0x00,0x01,0x00,0x1f,0xf8,0x10,0x08,0x10,0x08,0x10,0x08,0x10,0x08,0x1f,0xf8,0x00,0x00},
    {0x08,0x90,0x24,0x94,0x15,0x12,0x12,0x12,0x3f,0x9f,0x24,0xf0,0x24,0x92,0x3f,0x92,0x24,0x92,0x3f,0x94,0x04,0x0c,0x04,0x08,0x7f,0xcd,0x04,0x15,0x04,0x23,0x04,0x41},
    {0x00,0x00,0x27,0xbc,0x10,0x84,0x17,0xbc,0x04,0x20,0x04,0x62,0x03,0xde,0x71,0x10,0x17,0xfc,0x11,0x10,0x11,0x10,0x1f,0xfe,0x10,0xa0,0x2b,0x18,0x26,0x04,0x41,0xff},
    {0x00,0x00,0x7e,0x7e,0x42,0x42,0x7e,0x7e,0x42,0x42,0x7e,0x7e,0x41,0x02,0x41,0x02,0x41,0x02,0x41,0x82,0x42,0x82,0x42,0x42,0x44,0x22,0x48,0x12,0x40,0x02,0x40,0x06},
    {0x08,0x10,0x04,0x10,0x04,0x20,0x7f,0xff,0x00,0x00,0x3e,0x44,0x22,0x44,0x22,0x44,0x3e,0x44,0x22,0x44,0x22,0x44,0x3e,0x44,0x22,0x44,0x22,0x04,0x22,0x04,0x26,0x0c},
    {0x04,0x10,0x04,0x14,0x0f,0x92,0x08,0x92,0x11,0xff,0x25,0x10,0x52,0x28,0x0a,0x28,0x04,0x44,0x18,0x82,0x63,0x01,0x00,0x00,0x12,0x48,0x11,0x24,0x21,0x22,0x40,0x02},
    {0x00,0x80,0x00,0x80,0x01,0x40,0x02,0x20,0x04,0x10,0x18,0x0c,0x6f,0xfb,0x00,0x80,0x00,0x80,0x00,0x80,0x1f,0xf8,0x00,0x80,0x00,0x80,0x00,0x80,0x7f,0xff,0x00,0x00},
    {0x08,0x00,0x08,0x7c,0x0a,0x44,0x72,0x44,0x14,0x44,0x08,0x7c,0x0c,0x44,0x12,0x44,0x7d,0x44,0x09,0x7c,0x28,0x44,0x2a,0x44,0x29,0x44,0x29,0x44,0x49,0xff,0x08,0x00},
    {0x10,0x00,0x10,0xf8,0x10,0x88,0x10,0x88,0x7c,0xf8,0x13,0xde,0x12,0x52,0x12,0x52,0x1f,0xde,0x70,0x20,0x17,0xfe,0x10,0x70,0x10,0xa8,0x11,0x24,0x16,0x22,0x30,0x20},
    {0x02,0x40,0x02,0x40,0x7f,0xfe,0x02,0x40,0x3f,0xfc,0x22,0x44,0x3f,0xfc,0x22,0x44,0x3f,0xfc,0x00,0x00,0x0f,0xf0,0x08,0x10,0x0f,0xf0,0x08,0x10,0x0f,0xf0,0x00,0x00},
    {0x08,0x00,0x08,0xfe,0x08,0x82,0x7f,0x82,0x08,0x82,0x08,0xfe,0x1c,0x82,0x1a,0x82,0x19,0x82,0x28,0xfe,0x28,0x82,0x48,0x82,0x08,0x82,0x08,0x82,0x08,0xfe,0x08,0x00},
    {0x02,0x10,0x02,0x10,0x7f,0xff,0x02,0x10,0x00,0x00,0x0f,0xf8,0x08,0x08,0x0f,0xf8,0x08,0x08,0x0f,0xf8,0x00,0x80,0x00,0x80,0x7f,0xff,0x00,0x80,0x00,0x80,0x00,0x80},
    {0x04,0x20,0x24,0x20,0x17,0xfe,0x14,0x20,0x04,0x20,0x1c,0x20,0x65,0xfc,0x04,0x80,0x00,0x80,0x7f,0xff,0x02,0x48,0x0c,0x48,0x74,0x30,0x04,0x10,0x07,0x8c,0x38,0x03},
    {0x00,0x20,0x21,0x20,0x11,0x20,0x11,0xfe,0x02,0x20,0x02,0x20,0x07,0xff,0x78,0x00,0x09,0xfc,0x09,0x04,0x09,0x04,0x09,0x04,0x0d,0xfc,0x14,0x00,0x23,0x00,0x40,0xff},
    {0x08,0x02,0x0f,0xd2,0x0c,0x52,0x14,0x52,0x17,0xd2,0x34,0x52,0x34,0x52,0x54,0x52,0x17,0xd2,0x14,0x52,0x14,0x52,0x17,0xd2,0x12,0x82,0x12,0x42,0x14,0x42,0x18,0x06},
    {0x00,0x20,0x20,0x20,0x17,0xff,0x10,0x20,0x00,0x20,0x03,0xfe,0x02,0x22,0x7a,0x22,0x0b,0xfe,0x08,0x70,0x08,0xa8,0x09,0x24,0x0e,0x23,0x14,0x20,0x23,0x00,0x40,0xff},
    {0x08,0x10,0x08,0x10,0x0b,0xff,0x72,0x10,0x14,0x10,0x08,0xfe,0x0c,0x00,0x12,0xff,0x7d,0x81,0x09,0xa9,0x28,0x28,0x2a,0x28,0x29,0x48,0x29,0x49,0x48,0x89,0x09,0x07},
    {0x00,0x04,0x7e,0x18,0x03,0xe0,0x04,0x20,0x08,0x44,0x09,0xc8,0x08,0x30,0x0c,0x28,0x18,0x44,0x6b,0xfa,0x08,0x21,0x08,0xa8,0x08,0xa4,0x09,0x22,0x0a,0x22,0x18,0x20},
    {0x10,0x00,0x13,0xfc,0x12,0x04,0x12,0x04,0x7f,0xfc,0x10,0x00,0x13,0xfc,0x12,0x04,0x1f,0xfc,0x72,0x04,0x13,0xfc,0x12,0x04,0x13,0xfc,0x10,0x88,0x13,0x04,0x3c,0x02},
    {0x08,0x04,0x08,0x04,0x08,0x04,0x7f,0xff,0x08,0x04,0x08,0x04,0x1c,0x84,0x1a,0x44,0x19,0x24,0x29,0x24,0x28,0x04,0x48,0x04,0x08,0x04,0x08,0x04,0x08,0x04,0x08,0x0c},
    {0x04,0x10,0x04,0x10,0x04,0x90,0x08,0x92,0x08,0x9e,0x18,0xf2,0x1b,0x92,0x28,0x92,0x48,0x92,0x08,0x92,0x08,0x9c,0x08,0x90,0x08,0x81,0x08,0x81,0x08,0x41,0x08,0x3f},
    {0x01,0x00,0x01,0xf0,0x02,0x10,0x04,0x20,0x0a,0x40,0x31,0x80,0x01,0x20,0x02,0x3e,0x0c,0x42,0x30,0x84,0x03,0x48,0x0c,0x30,0x00,0x20,0x00,0xc0,0x03,0x00,0x3c,0x00},
    {0x08,0x20,0x08,0x20,0x08,0x20,0x08,0x20,0x17,0xff,0x10,0x70,0x10,0x70,0x30,0xa8,0x50,0xa8,0x11,0x24,0x12,0x22,0x14,0xfd,0x10,0x20,0x10,0x20,0x10,0x20,0x10,0x20},
    {0x04,0x04,0x04,0x04,0x04,0x04,0x7f,0xc4,0x01,0x7f,0x01,0x04,0x11,0x04,0x0a,0x44,0x06,0x24,0x02,0x14,0x05,0x14,0x09,0x04,0x08,0x84,0x10,0x84,0x20,0x04,0x40,0x0c},
    {0x00,0x04,0x7f,0xc4,0x04,0x04,0x04,0x04,0x08,0x7f,0x3f,0x84,0x2a,0x84,0x2a,0xa4,0x2a,0x94,0x2a,0x94,0x2a,0x84,0x2a,0x84,0x2a,0x84,0x2a,0x84,0x2a,0x84,0x21,0x8c},
    {0x04,0x20,0x04,0x20,0x09,0xfe,0x08,0x20,0x12,0x20,0x22,0x20,0x05,0xff,0x04,0x04,0x08,0x04,0x1b,0xff,0x28,0x84,0x48,0x44,0x08,0x44,0x08,0x04,0x08,0x04,0x08,0x0c},
    {0x08,0x20,0x0a,0x26,0x11,0x38,0x7f,0xa1,0x11,0x9f,0x1f,0x20,0x11,0x26,0x1f,0x38,0x11,0x21,0x13,0x1f,0x00,0x80,0x12,0x44,0x12,0x42,0x22,0x09,0x41,0x09,0x00,0xf8},
    {0x01,0x08,0x3c,0x88,0x24,0x90,0x27,0xff,0x28,0x40,0x30,0xa2,0x2b,0x2a,0x28,0x5c,0x24,0x98,0x27,0x34,0x24,0x54,0x24,0x92,0x3b,0x11,0x20,0x10,0x20,0x20,0x20,0xc0},
    {0x04,0x28,0x04,0x24,0x04,0x22,0x08,0x20,0x08,0x20,0x18,0x3f,0x1b,0xe0,0x28,0x20,0x48,0x10,0x08,0x10,0x08,0x10,0x08,0x08,0x08,0x09,0x08,0x05,0x08,0x03,0x08,0x01},
    {0x01,0x00,0x01,0x00,0x02,0x20,0x02,0x10,0x04,0x08,0x08,0xfc,0x7f,0x04,0x00,0x02,0x00,0x02,0x1f,0xf8,0x10,0x08,0x10,0x08,0x10,0x08,0x10,0x08,0x1f,0xf8,0x00,0x00},
    {0x00,0x80,0x00,0x80,0x00,0x80,0x00,0x80,0x00,0x80,0x7f,0xff,0x00,0x80,0x00,0x80,0x01,0x40,0x01,0x40,0x02,0x20,0x02,0x20,0x04,0x10,0x08,0x08,0x10,0x04,0x60,0x03},
    {0x01,0x00,0x01,0x00,0x7f,0xfe,0x40,0x02,0x40,0x12,0x40,0x62,0x1f,0x80,0x02,0x00,0x02,0x0e,0x03,0xf0,0x7e,0x00,0x02,0x00,0x02,0x00,0x02,0x04,0x01,0x04,0x00,0xfc},
    {0x10,0x00,0x10,0xfe,0x10,0x82,0x10,0x82,0x7e,0x82,0x10,0x82,0x10,0xfe,0x10,0xa0,0x10,0xa0,0x1c,0x90,0x70,0x90,0x11,0x08,0x11,0x08,0x12,0x04,0x14,0x02,0x38,0x01},
    {0x00,0x24,0x3e,0x24,0x00,0x48,0x7f,0x7f,0x00,0xc8,0x3e,0xc8,0x01,0x48,0x00,0x7e,0x3e,0x48,0x00,0x48,0x3e,0x7e,0x22,0x48,0x22,0x48,0x22,0x48,0x3e,0x7f,0x00,0x00},
    {0x09,0x08,0x04,0x88,0x04,0x90,0x0f,0xfc,0x08,0x84,0x08,0x84,0x0f,0xfc,0x08,0x84,0x08,0x84,0x0f,0xfc,0x00,0x80,0x00,0x80,0x7f,0xff,0x00,0x80,0x00,0x80,0x00,0x80},
    {0x04,0x02,0x44,0x0c,0x65,0x70,0x55,0x40,0x56,0x40,0x44,0x40,0x7f,0x7f,0x44,0x44,0x4e,0x44,0x4d,0x44,0x55,0x44,0x64,0x44,0x44,0x84,0x44,0x84,0x7f,0x04,0x00,0x04},
    {0x10,0x00,0x10,0x00,0x10,0x00,0x1f,0xfe,0x24,0x42,0x24,0x42,0x44,0x42,0x04,0x42,0x7f,0xc2,0x04,0x42,0x0a,0x42,0x09,0x42,0x11,0x7e,0x10,0x80,0x20,0x80,0x40,0x00},
    {0x08,0x10,0x08,0x90,0x08,0x90,0x08,0x92,0x7e,0x9e,0x08,0xf2,0x0b,0x92,0x08,0x92,0x08,0x92,0x08,0x92,0x0a,0x9c,0x0c,0x90,0x10,0x80,0x60,0x81,0x00,0x41,0x00,0x3f},
    {0x10,0x20,0x10,0x20,0x3f,0x7f,0x24,0x90,0x42,0x08,0x3f,0x7c,0x08,0x44,0x08,0x64,0x0f,0x55,0x70,0x93,0x00,0x80,0x7f,0xfe,0x01,0xc0,0x0e,0xb8,0x70,0x87,0x00,0x80},
    {0x04,0x10,0x02,0x20,0x3f,0xfe,0x00,0x80,0x1f,0xfc,0x00,0x80,0x7f,0xff,0x04,0x00,0x07,0xf8,0x0c,0x08,0x0f,0xf8,0x14,0x08,0x27,0xf8,0x44,0x08,0x07,0xf8,0x00,0x00},
    {0x00,0x80,0x00,0x80,0x00,0x80,0x3f,0xfe,0x20,0x82,0x20,0x82,0x20,0x82,0x20,0x82,0x20,0x82,0x3f,0xfe,0x00,0x80,0x00,0x80,0x00,0x80,0x00,0x80,0x00,0x80,0x00,0x80},
    {0x04,0x20,0x04,0x20,0x04,0x20,0x08,0x20,0x0b,0xfe,0x1a,0x22,0x1a,0x22,0x2a,0x22,0x4a,0x22,0x0b,0xfe,0x08,0x20,0x08,0x20,0x08,0x20,0x08,0x20,0x08,0x20,0x08,0x20},
    {0x00,0x00,0x7c,0xfe,0x04,0x80,0x04,0xfc,0x04,0x80,0x7c,0xfc,0x40,0x80,0x40,0x80,0x7f,0xff,0x04,0xa2,0x04,0xa4,0x04,0x90,0x04,0x88,0x08,0xa4,0x10,0xc2,0x63,0x01},
    {0x10,0x50,0x10,0x50,0x12,0x54,0x11,0x54,0x7d,0x54,0x11,0x58,0x10,0x50,0x10,0x50,0x1c,0xd8,0x71,0x54,0x16,0x52,0x10,0x50,0x10,0x91,0x10,0x91,0x11,0x0f,0x32,0x00},
    {0x08,0x00,0x08,0x3e,0x7f,0xa2,0x08,0x22,0x3f,0x22,0x21,0x3e,0x21,0x22,0x3f,0x22,0x21,0x22,0x21,0x3e,0x3f,0x22,0x08,0x22,0x7f,0xa2,0x08,0x42,0x08,0x42,0x08,0x86},
    {0x00,0x20,0x20,0x40,0x11,0xf8,0x11,0x08,0x01,0x08,0x01,0x08,0x01,0xf8,0x79,0x00,0x09,0xfc,0x09,0x04,0x09,0x04,0x09,0x04,0x0d,0xfc,0x14,0x00,0x23,0x00,0x40,0xff},
    {0x00,0x00,0x23,0xfc,0x10,0x88,0x10,0x50,0x01,0xfe,0x01,0x22,0x01,0x22,0x79,0xfe,0x09,0x22,0x09,0x22,0x09,0xfe,0x09,0x22,0x0d,0x22,0x15,0x26,0x23,0x00,0x40,0xff},
    {0x04,0x20,0x04,0x20,0x07,0xff,0x08,0x00,0x09,0xfc,0x11,0x04,0x11,0xfc,0x30,0x00,0x17,0xff,0x14,0x01,0x15,0xfd,0x10,0x20,0x10,0x20,0x10,0x20,0x10,0x20,0x10,0x60},
    {0x01,0x00,0x01,0x00,0x7f,0xfe,0x40,0x02,0x40,0x02,0x1f,0xf8,0x01,0x00,0x01,0x00,0x09,0x00,0x09,0xf8,0x09,0x00,0x09,0x00,0x15,0x00,0x13,0x00,0x21,0x80,0x40,0x7e},
    {0x00,0x10,0x3e,0x10,0x22,0xfe,0x22,0x44,0x22,0x24,0x22,0x28,0x3f,0xff,0x09,0x11,0x29,0x11,0x2e,0xfe,0x28,0x92,0x28,0x92,0x28,0x92,0x2e,0x9c,0x38,0x10,0x60,0x10},
    {0x04,0x10,0x04,0x10,0x7f,0xd0,0x11,0x1f,0x0a,0x24,0x3f,0xa4,0x24,0xd4,0x24,0x94,0x3f,0x94,0x24,0x88,0x2e,0x88,0x2a,0x94,0x2a,0x94,0x2e,0xa2,0x20,0xc2,0x21,0x81},
    {0x08,0x40,0x08,0x40,0x10,0x40,0x3e,0x7e,0x22,0x42,0x22,0x82,0x22,0xc2,0x23,0x22,0x3e,0x12,0x22,0x12,0x22,0x02,0x22,0x02,0x22,0x02,0x3e,0x02,0x00,0x04,0x00,0x18},
    {0x00,0x20,0x20,0x20,0x13,0xff,0x10,0x84,0x00,0x48,0x01,0xfe,0x01,0x22,0x79,0xfe,0x09,0x22,0x09,0x7a,0x09,0x4a,0x09,0x7a,0x15,0x02,0x13,0x06,0x21,0x80,0x40,0x7f},
    {0x00,0x00,0x7f,0xff,0x00,0x80,0x00,0x80,0x00,0x80,0x00,0x80,0x3f,0xfc,0x00,0x80,0x00,0x80,0x01,0x40,0x01,0x40,0x02,0x20,0x04,0x10,0x08,0x08,0x10,0x04,0x60,0x03},
    {0x00,0x40,0x00,0x40,0x1f,0xff,0x10,0x00,0x10,0x40,0x10,0x40,0x10,0x7e,0x10,0x40,0x10,0x40,0x10,0x40,0x17,0xfc,0x14,0x04,0x14,0x04,0x24,0x04,0x27,0xfc,0x40,0x00},
    {0x00,0x80,0x00,0x80,0x00,0x80,0x00,0xfe,0x00,0x80,0x00,0x80,0x0f,0xf8,0x08,0x08,0x08,0x08,0x08,0x08,0x0f,0xf8,0x00,0x00,0x10,0x08,0x12,0x44,0x21,0x22,0x41,0x22},
    {0x00,0x20,0x20,0x20,0x10,0x50,0x10,0x50,0x00,0x88,0x01,0xfc,0x02,0x22,0x78,0x21,0x0b,0xfe,0x08,0xa8,0x08,0xa4,0x09,0x22,0x0e,0x22,0x14,0x60,0x23,0x00,0x40,0xff},
    {0x00,0x40,0x00,0x40,0x1f,0xfe,0x11,0x10,0x11,0x10,0x1f,0xfe,0x11,0x10,0x11,0xf0,0x10,0x00,0x17,0xf8,0x11,0x08,0x10,0x90,0x10,0x60,0x20,0xa0,0x23,0x18,0x5c,0x06},
    {0x00,0x80,0x00,0x80,0x00,0x80,0x00,0x80,0x00,0x80,0x00,0x80,0x1f,0xfc,0x00,0x80,0x00,0x80,0x00,0x80,0x00,0x80,0x00,0x80,0x00,0x80,0x00,0x80,0x7f,0xff,0x00,0x00},
    {0x08,0x02,0x0f,0xfa,0x09,0x0a,0x11,0x4a,0x11,0x2a,0x12,0x6a,0x33,0x9a,0x3c,0x9a,0x50,0x8a,0x17,0xea,0x10,0x8a,0x10,0x8a,0x10,0xb2,0x11,0xc2,0x16,0x02,0x10,0x06},
    {0x01,0x00,0x02,0x00,0x0f,0xf0,0x08,0x10,0x0f,0xf0,0x08,0x10,0x0f,0xf0,0x08,0x00,0x0f,0xff,0x08,0x00,0x0f,0xfe,0x02,0x02,0x22,0x22,0x22,0x22,0x3f,0xe2,0x00,0x1c},
    {0x00,0x10,0x3e,0x12,0x23,0xf4,0x22,0x58,0x22,0x58,0x22,0x94,0x3f,0x12,0x08,0x31,0x28,0x00,0x2e,0xfc,0x28,0x84,0x28,0xfc,0x28,0x84,0x2e,0x84,0x38,0xfc,0x60,0x00},
    {0x00,0x00,0x7f,0xfe,0x00,0x20,0x00,0x40,0x3e,0xfc,0x22,0x84,0x22,0x84,0x22,0xfc,0x3e,0x84,0x02,0xfc,0x22,0x84,0x14,0x84,0x15,0xfc,0x0e,0x48,0x70,0x84,0x03,0x02},
    {0x00,0x00,0x7e,0x7e,0x42,0x42,0x7e,0x7e,0x42,0x42,0x7e,0x7e,0x40,0x02,0x5f,0x12,0x40,0xfe,0x5f,0x12,0x51,0x92,0x5f,0x52,0x4a,0x12,0x47,0x12,0x5c,0x32,0x40,0x06},
    {0x01,0x90,0x1e,0x10,0x04,0x10,0x7f,0xd0,0x04,0x7e,0x1f,0x92,0x14,0x92,0x1f,0x92,0x14,0x92,0x14,0x92,0x1f,0x92,0x04,0x12,0x3f,0x22,0x05,0xa2,0x0e,0x42,0x70,0x8c},
    {0x00,0x00,0x3f,0xfe,0x20,0x02,0x20,0x02,0x2f,0xfa,0x20,0x02,0x20,0x02,0x27,0xf2,0x24,0x12,0x24,0x12,0x24,0x12,0x27,0xf2,0x20,0x02,0x20,0x02,0x20,0x02,0x20,0x06},
    {0x10,0x00,0x0b,0xfe,0x0a,0x02,0x02,0x02,0x43,0xfe,0x22,0x02,0x22,0x02,0x02,0xfa,0x0a,0x8a,0x0a,0x8a,0x12,0x8a,0x12,0xfa,0x22,0x02,0x22,0x02,0x42,0x02,0x42,0x06},
    {0x01,0x04,0x20,0x88,0x17,0xff,0x10,0x40,0x00,0x80,0x01,0xfc,0x01,0x04,0x79,0xfc,0x09,0x04,0x09,0xfc,0x09,0x04,0x09,0x04,0x0d,0xfc,0x14,0x00,0x23,0x00,0x40,0xff},
    {0x04,0x20,0x44,0x20,0x28,0x20,0x13,0xfc,0x12,0x24,0x2a,0x24,0x4a,0x24,0x0a,0x24,0x1b,0xfc,0x18,0x20,0x28,0x20,0x48,0x28,0x08,0x24,0x08,0x3e,0x17,0xc2,0x60,0x02},
    {0x00,0x80,0x00,0x80,0x00,0x80,0x3f,0xfe,0x20,0x82,0x20,0x82,0x21,0x42,0x21,0x42,0x22,0x22,0x24,0x12,0x28,0x0a,0x20,0x02,0x20,0x02,0x20,0x02,0x20,0x02,0x20,0x06},
    {0x12,0x24,0x7f,0xa4,0x12,0x28,0x12,0x7f,0x3f,0x48,0x25,0xc8,0x25,0x48,0x3f,0x7e,0x04,0x48,0x3f,0xc8,0x04,0x7e,0x7f,0xc8,0x0a,0x48,0x09,0x48,0x10,0xff,0x60,0x00},
    {0x00,0x00,0x0f,0xf8,0x08,0x08,0x08,0x08,0x08,0x08,0x08,0x08,0x08,0x08,0x0f,0xf8,0x08,0x08,0x08,0x08,0x08,0x08,0x08,0x08,0x08,0x08,0x08,0x08,0x0f,0xf8,0x00,0x00},
    {0x03,0x80,0x00,0x80,0x00,0x80,0x00,0x80,0x00,0x80,0x00,0x80,0x00,0x80,0x01,0x40,0x01,0x40,0x02,0x20,0x02,0x20,0x04,0x10,0x08,0x08,0x10,0x04,0x20,0x02,0x40,0x01},
    {0x00,0x00,0x3e,0xfe,0x00,0x12,0x7f,0x52,0x00,0x22,0x3e,0x32,0x00,0x52,0x01,0x8c,0x3e,0x20,0x00,0x10,0x3e,0x28,0x22,0xaa,0x22,0xa1,0x22,0xa5,0x3f,0x25,0x02,0x1c},
    {0x08,0x20,0x08,0x20,0x12,0x26,0x11,0x38,0x7e,0xa0,0x00,0xa1,0x3f,0x21,0x21,0x1f,0x21,0x20,0x3f,0x20,0x21,0x26,0x21,0x38,0x3f,0x20,0x21,0x21,0x21,0x21,0x23,0x1f},
    {0x00,0x00,0x7f,0xff,0x02,0x20,0x3f,0xfe,0x22,0x22,0x3f,0xfe,0x11,0x00,0x7f,0xbe,0x11,0x22,0x1f,0x22,0x04,0x3e,0x3f,0xa2,0x24,0xbe,0x7f,0xe2,0x04,0x22,0x04,0x46},
    {0x00,0x10,0x7f,0x10,0x08,0x10,0x08,0xff,0x08,0x92,0x10,0x94,0x1e,0x90,0x32,0xfe,0x32,0xc4,0x52,0xc4,0x12,0xa4,0x12,0xa8,0x1e,0x90,0x01,0x18,0x01,0x24,0x02,0x43},
    {0x00,0x00,0x0f,0xfc,0x08,0x80,0x08,0x80,0x0f,0xf8,0x08,0x80,0x08,0x80,0x0f,0xf8,0x08,0x80,0x08,0x80,0x0f,0xfe,0x00,0x22,0x14,0x92,0x12,0x52,0x22,0x42,0x40,0x0c},
    {0x0f,0x24,0x01,0x24,0x01,0x18,0x12,0x11,0x0a,0x09,0x04,0x0a,0x0f,0xfc,0x12,0x22,0x62,0x21,0x02,0x20,0x7f,0xff,0x02,0x20,0x02,0x20,0x04,0x21,0x18,0x21,0x60,0x1f},
    {0x00,0x00,0x1f,0xfe,0x10,0x00,0x10,0x00,0x10,0x00,0x1f,0xf8,0x12,0x08,0x12,0x08,0x11,0x10,0x11,0x10,0x10,0xa0,0x10,0x40,0x10,0xa0,0x21,0x10,0x26,0x0c,0x58,0x03},
    {0x00,0x08,0x00,0x70,0x1f,0x84,0x08,0x88,0x04,0x90,0x7f,0xff,0x02,0xa0,0x04,0x90,0x18,0x8c,0x6f,0xfb,0x08,0x88,0x0f,0xf8,0x08,0x88,0x08,0x88,0x0f,0xf8,0x00,0x00},
    {0x04,0x88,0x04,0x88,0x07,0xfe,0x08,0x88,0x08,0x88,0x13,0xff,0x12,0x00,0x32,0xfe,0x52,0x92,0x12,0xfe,0x12,0x92,0x12,0x92,0x14,0xfe,0x14,0x92,0x18,0x92,0x10,0x86},
    {0x01,0x00,0x00,0x88,0x00,0x48,0x02,0x48,0x02,0x10,0x02,0x10,0x12,0x24,0x12,0x22,0x12,0x42,0x22,0x81,0x23,0x01,0x42,0x04,0x02,0x04,0x05,0x04,0x18,0xfc,0x60,0x00},
    {0x10,0x20,0x10,0x20,0x1f,0x7e,0x28,0x90,0x44,0x88,0x1f,0xf8,0x00,0x88,0x7f,0xff,0x00,0x88,0x1f,0xf8,0x00,0x80,0x1f,0xf8,0x00,0x80,0x7f,0xfe,0x00,0x80,0x00,0x80},
    {0x00,0x80,0x00,0x80,0x3f,0xfe,0x00,0x80,0x00,0x80,0x1f,0xfc,0x00,0x80,0x00,0x80,0x7f,0xff,0x02,0x84,0x0c,0x48,0x74,0x50,0x04,0x20,0x04,0x10,0x07,0x0c,0x38,0x03},
    {0x00,0x80,0x00,0x80,0x00,0x80,0x00,0x80,0x1f,0xfc,0x00,0x80,0x00,0x80,0x00,0x80,0x7f,0xff,0x00,0x80,0x01,0x40,0x01,0x40,0x02,0x20,0x04,0x10,0x18,0x0c,0x60,0x03},
    {0x01,0x00,0x01,0x00,0x01,0x00,0x7f,0xff,0x02,0x40,0x02,0x40,0x04,0x40,0x07,0xfc,0x0c,0x44,0x14,0x44,0x24,0x44,0x44,0x44,0x04,0x44,0x04,0x58,0x00,0x40,0x00,0x40},
    {0x08,0x00,0x08,0x3e,0x7f,0xa2,0x21,0x22,0x12,0x24,0x12,0x24,0x14,0x28,0xff,0xa4,0x00,0x22,0x00,0x22,0x3f,0x21,0x21,0x31,0x21,0x29,0x21,0x26,0x3f,0x20,0x00,0x20},
    {0x04,0x04,0x04,0x04,0x3f,0x84,0x04,0x04,0x04,0x7f,0x04,0x04,0x7f,0x84,0x04,0x44,0x04,0x24,0x3f,0xa4,0x04,0x24,0x04,0x04,0x05,0x84,0x0e,0x04,0x70,0x04,0x00,0x0c},
    {0x04,0x40,0x04,0x48,0x04,0x44,0x08,0x44,0x08,0x40,0x17,0xff,0x10,0x40,0x30,0x40,0x50,0x40,0x10,0x60,0x10,0xa0,0x10,0x90,0x11,0x08,0x12,0x04,0x14,0x02,0x18,0x01},
    {0x00,0x40,0x3e,0x40,0x22,0x7f,0x22,0x80,0x22,0xfc,0x3f,0x44,0x22,0x7c,0x22,0x44,0x22,0x7c,0x3e,0x20,0x22,0x7c,0x22,0xc4,0x23,0x28,0x22,0x18,0x22,0x64,0x47,0x83},
    {0x04,0x40,0x14,0x40,0x14,0x40,0x14,0x7e,0x1f,0xaa,0x24,0xaa,0x24,0xaa,0x45,0x2a,0x05,0x4a,0x06,0x52,0x3c,0x92,0x05,0x22,0x04,0x22,0x04,0x42,0x04,0x04,0x04,0x18},
    {0x03,0xe0,0x00,0x20,0x04,0x20,0x04,0x10,0x08,0x10,0x08,0x08,0x10,0x04,0x2f,0xf2,0x41,0x11,0x01,0x10,0x01,0x10,0x02,0x10,0x02,0x10,0x04,0x10,0x08,0x10,0x10,0x60},
    {0x00,0x80,0x00,0x80,0x00,0x80,0x7f,0xff,0x04,0x10,0x04,0x10,0x04,0x10,0x02,0x20,0x02,0x20,0x01,0x40,0x00,0x80,0x00,0x80,0x01,0x40,0x02,0x20,0x0c,0x18,0x70,0x07},
    {0x05,0x04,0x04,0x84,0x04,0x88,0x0b,0xfe,0x08,0x88,0x10,0x88,0x10,0x88,0x30,0x88,0x57,0xff,0x10,0x88,0x10,0x88,0x10,0x88,0x10,0x88,0x11,0x08,0x11,0x08,0x12,0x08},
    {0x00,0x00,0x7e,0x7e,0x42,0x42,0x7e,0x7e,0x42,0x42,0x42,0x42,0x7e,0x7e,0x40,0x82,0x40,0x82,0x4f,0xf2,0x41,0x82,0x42,0x82,0x44,0x82,0x58,0x82,0x41,0x82,0x40,0x06},
    {0x00,0x02,0x3f,0xa2,0x20,0xa2,0x20,0xa2,0x20,0xa2,0x3f,0xa2,0x08,0x22,0x08,0x22,0x0f,0xa2,0x08,0xa2,0x08,0xa2,0x08,0x82,0x10,0x82,0x10,0x82,0x21,0x02,0x46,0x06},
    {0x00,0x80,0x00,0x80,0x7f,0xff,0x02,0x20,0x12,0x28,0x12,0x24,0x12,0x24,0x24,0x62,0x4a,0x02,0x03,0xf0,0x04,0x20,0x0a,0x40,0x31,0x80,0x01,0xc0,0x0e,0x30,0x70,0x0f},
    {0x00,0x00,0x20,0x00,0x13,0xfe,0x10,0x42,0x00,0x42,0x00,0x42,0x00,0x42,0x78,0x42,0x08,0x82,0x08,0x82,0x09,0x02,0x0a,0x02,0x0c,0x04,0x14,0x18,0x23,0x00,0x40,0xff},
    {0x08,0x14,0x08,0x12,0x09,0xff,0x7e,0x10,0x02,0x10,0x04,0xfe,0x04,0x92,0x09,0x92,0x1a,0xfe,0x2c,0x92,0x4a,0x92,0x09,0xfe,0x08,0x92,0x08,0x92,0x08,0x92,0x08,0x86},
    {0x08,0x00,0x08,0x7e,0x3f,0x42,0x08,0x42,0x08,0x4c,0x7f,0x40,0x22,0x7e,0x12,0x62,0x14,0x62,0x7f,0xd4,0x08,0x54,0x08,0x48,0x3f,0x48,0x08,0x54,0x08,0x62,0x08,0x41},
    {0x08,0x20,0x08,0x20,0x08,0x20,0x7f,0xa0,0x08,0x7f,0x08,0x44,0x0f,0x44,0x09,0xa4,0x09,0x24,0x09,0x14,0x09,0x18,0x11,0x08,0x11,0x14,0x21,0x24,0x41,0xc2,0x06,0x01},
    {0x00,0x80,0x00,0x80,0x00,0x80,0x7f,0xff,0x01,0x00,0x01,0x00,0x01,0x00,0x01,0xf8,0x01,0x08,0x01,0x08,0x02,0x08,0x02,0x08,0x04,0x08,0x04,0x08,0x08,0x08,0x10,0x70},
    {0x00,0x00,0x0f,0xf8,0x08,0x08,0x0f,0xf8,0x08,0x08,0x0f,0xf8,0x02,0x20,0x1f,0xfc,0x02,0x20,0x7f,0xff,0x04,0x88,0x18,0x96,0x65,0xe1,0x06,0xb0,0x38,0x8e,0x01,0x80},
    {0x08,0x20,0x08,0x20,0x0b,0xfe,0x7e,0x20,0x09,0xfc,0x08,0x50,0x1f,0xff,0x1a,0x88,0x19,0x24,0x2a,0x23,0x29,0xfc,0x48,0x20,0x0b,0xfe,0x08,0x20,0x08,0x20,0x08,0x20},
    {0x00,0x20,0x3c,0x20,0x24,0x20,0x27,0xff,0x28,0x20,0x30,0x20,0x28,0x20,0x24,0x3e,0x22,0x42,0x22,0x42,0x22,0x42,0x22,0x82,0x3c,0x82,0x21,0x02,0x22,0x04,0x24,0x18},
    {0x00,0x80,0x00,0x80,0x00,0x80,0x00,0x80,0x7f,0xff,0x01,0xc0,0x02,0xa0,0x02,0xa0,0x04,0x90,0x08,0x88,0x10,0x84,0x27,0xf2,0x40,0x81,0x00,0x80,0x00,0x80,0x00,0x80},
    {0x00,0x40,0x1f,0xff,0x11,0x08,0x1f,0xff,0x11,0x8c,0x13,0x5a,0x15,0x29,0x1b,0xfc,0x12,0x44,0x13,0xfc,0x12,0x44,0x13,0xfc,0x20,0xaa,0x21,0x2e,0x46,0x21,0x18,0x1f},
    {0x00,0x88,0x10,0x88,0x0b,0xfe,0x08,0x88,0x00,0x88,0x47,0xff,0x20,0x20,0x23,0xfe,0x0a,0x22,0x0a,0xaa,0x12,0xaa,0x12,0xaa,0x22,0xfa,0x22,0x8a,0x42,0x02,0x42,0x06},
    {0x00,0x20,0x00,0x20,0x78,0x20,0x4b,0xfe,0x48,0x20,0x48,0x20,0x48,0x20,0x4f,0xff,0x48,0x70,0x48,0x70,0x48,0xa8,0x79,0x24,0x02,0x22,0x04,0x21,0x00,0x20,0x00,0x20},
    {0x00,0x80,0x00,0x80,0x00,0x80,0x1f,0xfc,0x00,0x80,0x00,0x80,0x00,0x80,0x7f,0xff,0x01,0xc0,0x02,0xa0,0x04,0x90,0x18,0x8c,0x60,0x83,0x00,0x80,0x00,0x80,0x00,0x80},
    {0x08,0x10,0x08,0x10,0x08,0x10,0x08,0x58,0x7e,0x54,0x12,0x52,0x12,0x92,0x12,0x91,0x23,0x15,0x22,0x14,0x7c,0x38,0x46,0x08,0x09,0x10,0x10,0x20,0x60,0xc0,0x03,0x00},
    {0x01,0x00,0x01,0x00,0x01,0xf8,0x02,0x08,0x04,0x10,0x0a,0x20,0x11,0x40,0x20,0x80,0x01,0x00,0x07,0xfe,0x1a,0x02,0x62,0x02,0x02,0x02,0x02,0x02,0x03,0xfe,0x00,0x00},
    {0x00,0x80,0x00,0x80,0x01,0x40,0x02,0x20,0x04,0x10,0x1b,0xec,0x60,0x03,0x00,0x00,0x1e,0x7c,0x12,0x44,0x12,0x44,0x12,0x44,0x12,0x44,0x1e,0x58,0x00,0x40,0x00,0x40},
    {0x00,0x00,0x3e,0x7e,0x22,0x42,0x22,0x42,0x22,0x42,0x22,0x7e,0x3e,0x42,0x22,0x42,0x22,0x42,0x22,0x7e,0x22,0x42,0x3e,0x42,0x00,0x82,0x00,0x82,0x01,0x02,0x02,0x06},
    {0x00,0x00,0x3e,0x7e,0x22,0x42,0x22,0x7e,0x3e,0x42,0x22,0x7e,0x22,0x42,0x3e,0x42,0x22,0x82,0x01,0x06,0x1f,0xfc,0x12,0x24,0x12,0x24,0x12,0x24,0x7f,0xff,0x00,0x00},
    {0x00,0x00,0x7f,0xff,0x01,0x00,0x01,0x00,0x02,0x00,0x3f,0xfe,0x22,0x22,0x22,0x22,0x23,0xe2,0x22,0x22,0x23,0xe2,0x22,0x22,0x22,0x22,0x22,0x22,0x3f,0xfe,0x00,0x00},
    {0x00,0x00,0x1f,0xf8,0x10,0x08,0x10,0x08,0x10,0x08,0x1f,0xf8,0x10,0x08,0x10,0x08,0x10,0x08,0x1f,0xf8,0x10,0x08,0x10,0x08,0x10,0x08,0x10,0x08,0x1f,0xf8,0x00,0x00},
    {0x01,0x00,0x01,0x00,0x01,0x00,0x01,0x00,0x3f,0xfc,0x21,0x04,0x21,0x04,0x21,0x04,0x3f,0xfc,0x21,0x04,0x21,0x04,0x21,0x04,0x21,0x04,0x21,0x04,0x3f,0xfc,0x00,0x00},
    {0x02,0x00,0x02,0x00,0x03,0xfc,0x02,0x00,0x02,0x00,0x03,0xf0,0x00,0x10,0x00,0x10,0x7f,0xff,0x00,0x10,0x00,0x10,0x00,0x10,0x00,0x10,0x00,0x10,0x00,0x60,0x01,0x80},
    {0x08,0x84,0x08,0x48,0x09,0xfe,0x7e,0x10,0x09,0xfc,0x08,0x10,0x1c,0x10,0x1b,0xff,0x1a,0x12,0x28,0x9c,0x28,0x58,0x48,0x74,0x08,0x92,0x0b,0x11,0x08,0x10,0x08,0x30},
    {0x00,0x00,0x1f,0xfc,0x10,0x84,0x10,0x84,0x10,0x84,0x1f,0xfc,0x10,0x84,0x10,0x84,0x10,0x84,0x1f,0xfc,0x10,0x84,0x10,0x84,0x10,0x84,0x20,0x84,0x20,0x84,0x40,0x8c},
    {0x08,0x00,0x09,0xfe,0x4a,0x22,0x2a,0xee,0x2c,0x22,0x09,0xfe,0x7e,0x48,0x14,0x90,0x14,0xfe,0x15,0x90,0x15,0xfe,0x16,0x90,0x14,0xfe,0x24,0x90,0x20,0xff,0x40,0x80},
    {0x00,0x00,0x7f,0xfe,0x02,0x40,0x02,0x40,0x1f,0xf8,0x12,0x48,0x12,0x48,0x1f,0xf8,0x01,0x00,0x7f,0xff,0x02,0x20,0x04,0x20,0x0f,0x40,0x00,0xe0,0x03,0x18,0x3c,0x04},
    {0x00,0x82,0x03,0x22,0x3c,0x22,0x04,0x22,0x04,0x22,0x04,0x22,0x7f,0xa2,0x0c,0x22,0x0e,0x22,0x15,0x22,0x14,0xa2,0x24,0xa2,0x44,0x02,0x04,0x02,0x04,0x02,0x04,0x06},
    {0x00,0x00,0x01,0xfe,0x7f,0x22,0x11,0x22,0x11,0xfe,0x11,0x22,0x7d,0x22,0x11,0x22,0x11,0xfe,0x10,0x20,0x14,0x20,0x19,0xfe,0x60,0x20,0x00,0x20,0x07,0xff,0x00,0x00},
    {0x00,0x80,0x3f,0xfe,0x00,0x00,0x0f,0xf8,0x08,0x88,0x0f,0xf8,0x08,0x88,0x0f,0xf8,0x00,0x80,0x1f,0xfc,0x00,0x80,0x7f,0xff,0x02,0x42,0x7c,0x24,0x07,0x98,0x1c,0x07},
    {0x00,0x80,0x00,0x80,0x3f,0xfe,0x10,0x84,0x0b,0x28,0x05,0x40,0x00,0x90,0x0d,0x2c,0x33,0xf2,0x00,0x90,0x7f,0xff,0x00,0x80,0x00,0x80,0x00,0x80,0x00,0x80,0x00,0x80},
    {0x00,0x80,0x00,0x80,0x00,0x80,0x3f,0xfe,0x00,0x10,0x08,0x10,0x08,0x10,0x04,0x10,0x04,0x10,0x04,0x20,0x02,0x20,0x02,0x20,0x02,0x40,0x00,0x40,0x7f,0xff,0x00,0x00},
    {0x08,0x02,0x33,0xc2,0x21,0x52,0x29,0x52,0x3a,0x52,0x65,0xd2,0x04,0x12,0x0b,0x12,0x10,0xd2,0x7f,0x12,0x04,0x12,0x7f,0xd2,0x04,0x82,0x25,0x02,0x17,0x82,0x78,0x06},
    {0x10,0x20,0x08,0x20,0x0f,0xff,0x00,0x50,0x00,0x48,0x40,0x84,0x23,0xfa,0x20,0x02,0x09,0x48,0x09,0x48,0x11,0x48,0x11,0x48,0x22,0x48,0x22,0x49,0x44,0x09,0x48,0x07},
    {0x00,0x80,0x00,0x80,0x1f,0xfc,0x04,0x10,0x02,0x20,0x7f,0xff,0x00,0x00,0x0f,0xf8,0x08,0x88,0x08,0x88,0x0f,0xf8,0x08,0x88,0x08,0x88,0x0f,0xfa,0x00,0x82,0x00,0x7e},
    {0x00,0x00,0x3f,0xfc,0x00,0x08,0x00,0x10,0x00,0x20,0x00,0xc0,0x00,0x80,0x00,0x80,0x00,0x80,0x00,0x80,0x00,0x80,0x00,0x80,0x00,0x80,0x00,0x80,0x00,0x80,0x01,0x80},
    {0x08,0x00,0x08,0xff,0x14,0x10,0x12,0x20,0x21,0x7e,0x5e,0x42,0x00,0x7e,0x00,0x42,0x7e,0x42,0x12,0x7e,0x12,0x42,0x12,0x42,0x12,0x7e,0x14,0x24,0x10,0x42,0x11,0x81},
    {0x01,0x00,0x01,0x00,0x01,0x00,0x01,0x00,0x7f,0xfc,0x01,0x04,0x01,0x04,0x01,0x04,0x02,0x04,0x02,0x04,0x02,0x04,0x04,0x04,0x04,0x04,0x08,0x04,0x10,0x08,0x20,0x30},
    {0x00,0x40,0x7e,0x40,0x48,0xfe,0x48,0x80,0x49,0xf8,0x7e,0x88,0x42,0x88,0x42,0xf8,0x7e,0x00,0x48,0x00,0x4b,0xde,0x4a,0x52,0x4a,0x52,0x7e,0x52,0x03,0xde,0x00,0x00},
    {0x00,0x20,0x3d,0x24,0x24,0xa8,0x27,0xfe,0x28,0x70,0x30,0xac,0x2b,0x23,0x25,0x24,0x25,0xc4,0x25,0x7f,0x26,0x54,0x25,0x94,0x38,0xff,0x21,0x04,0x22,0x04,0x24,0x04},
    {0x00,0x00,0x0f,0xf8,0x08,0x88,0x0f,0xf8,0x08,0x88,0x08,0x88,0x0f,0xfa,0x30,0x0c,0x08,0x10,0x03,0x40,0x0c,0xb8,0x30,0x86,0x07,0xf8,0x00,0x80,0x7f,0xff,0x00,0x00},
    {0x08,0x00,0x49,0xff,0x29,0x10,0x2a,0x20,0x7f,0x7e,0x1c,0x42,0x1a,0x42,0x2a,0x7e,0x48,0x42,0x08,0x7e,0x7f,0x42,0x08,0x42,0x14,0x7e,0x12,0x24,0x22,0x42,0x41,0x81},
    {0x00,0x80,0x00,0x80,0x01,0x40,0x02,0x20,0x04,0x10,0x18,0x0c,0x67,0xf3,0x00,0x00,0x00,0x00,0x3f,0xfc,0x00,0x84,0x00,0x84,0x00,0x84,0x00,0x98,0x00,0x80,0x00,0x80},
    {0x08,0x10,0x08,0x10,0x13,0xff,0x72,0x10,0x14,0xfe,0x08,0x92,0x0c,0xfe,0x12,0x92,0x7d,0x92,0x08,0xfe,0x2c,0x38,0x2a,0x54,0x2a,0x54,0x2a,0x92,0x49,0x11,0x08,0x10},
    {0x00,0x20,0x20,0x20,0x17,0xff,0x10,0x20,0x01,0xfc,0x01,0x24,0x01,0x24,0x79,0xfc,0x09,0x24,0x09,0x24,0x09,0xfc,0x08,0x20,0x0f,0xff,0x14,0x20,0x23,0x20,0x40,0xff},
    {0x00,0x00,0x0f,0xf8,0x08,0x08,0x08,0x08,0x08,0x08,0x0f,0xf8,0x00,0x80,0x00,0x80,0x01,0x00,0x1f,0xfc,0x10,0x04,0x10,0x04,0x10,0x04,0x10,0x04,0x1f,0xfc,0x00,0x00},
    {0x00,0x40,0x3e,0x40,0x22,0x7c,0x22,0x44,0x22,0xc8,0x3e,0xa8,0x09,0x10,0x28,0x28,0x28,0x44,0x2e,0x82,0x29,0x7d,0x28,0x44,0x29,0x44,0x2e,0x44,0x38,0x7c,0x60,0x00},
    {0x04,0x00,0x05,0xfc,0x05,0x04,0x09,0x04,0x09,0xfc,0x11,0x04,0x11,0x04,0x31,0xfc,0x50,0x00,0x13,0xfe,0x12,0x02,0x13,0xfe,0x12,0x02,0x12,0x02,0x13,0xfe,0x10,0x00},
};

const unsigned kFontWideCount = 836;
